15:04:59,241 |-INFO in ch.qos.logback.core.joran.spi.ConfigurationWatchList@58fb7731 - URL [jar:nested:/E:/spring%20boot/psi-parent/psi-finance/target/psi-finance-1.0.0.jar/!BOOT-INF/lib/psi-common-starter-log-1.0.0.jar!/logback-spring.xml] is not of type file
15:04:59,435 |-INFO in ch.qos.logback.classic.model.processor.ConfigurationModelHandlerFull - Registering a new ReconfigureOnChangeTask ReconfigureOnChangeTask(born:1782803099433)
15:04:59,437 |-INFO in ch.qos.logback.classic.model.processor.ConfigurationModelHandlerFull - Will scan for changes in [jar:nested:/E:/spring%20boot/psi-parent/psi-finance/target/psi-finance-1.0.0.jar/!BOOT-INF/lib/psi-common-starter-log-1.0.0.jar!/logback-spring.xml] 
15:04:59,437 |-INFO in ch.qos.logback.classic.model.processor.ConfigurationModelHandlerFull - Setting ReconfigureOnChangeTask scanning period to 30 seconds
15:04:59,452 |-INFO in ch.qos.logback.core.model.processor.AppenderModelHandler - Processing appender named [CONSOLE]
15:04:59,452 |-INFO in ch.qos.logback.core.model.processor.AppenderModelHandler - About to instantiate appender of type [ch.qos.logback.core.ConsoleAppender]
15:04:59,466 |-INFO in ch.qos.logback.core.model.processor.ImplicitModelHandler - Assuming default type [ch.qos.logback.classic.encoder.PatternLayoutEncoder] for [encoder] property
15:04:59,528 |-INFO in ch.qos.logback.core.model.processor.AppenderModelHandler - Processing appender named [SERVICE_FILE]
15:04:59,528 |-INFO in ch.qos.logback.core.model.processor.AppenderModelHandler - About to instantiate appender of type [ch.qos.logback.core.rolling.RollingFileAppender]
15:04:59,549 |-WARN in ch.qos.logback.core.model.processor.ImplicitModelHandler - Ignoring unknown property [maxHistory] in [ch.qos.logback.core.rolling.SizeAndTimeBasedFNATP]
15:04:59,549 |-WARN in ch.qos.logback.core.model.processor.ImplicitModelHandler - Ignoring unknown property [totalSizeCap] in [ch.qos.logback.core.rolling.SizeAndTimeBasedFNATP]
15:04:59,564 |-INFO in c.q.l.core.rolling.TimeBasedRollingPolicy@333793193 - No compression will be used
15:04:59,567 |-INFO in c.q.l.core.rolling.TimeBasedRollingPolicy@333793193 - Will use the pattern ./logs/unknown-service/unknown-service-%d{yyyyMMdd}.%i.log for the active file
15:04:59,606 |-INFO in ch.qos.logback.core.rolling.SizeAndTimeBasedFNATP@3fb6cf60 - The date pattern is 'yyyyMMdd' from file name pattern './logs/unknown-service/unknown-service-%d{yyyyMMdd}.%i.log'.
15:04:59,606 |-INFO in ch.qos.logback.core.rolling.SizeAndTimeBasedFNATP@3fb6cf60 - Roll-over at midnight.
15:04:59,620 |-INFO in ch.qos.logback.core.rolling.SizeAndTimeBasedFNATP@3fb6cf60 - Setting initial period to 2026-06-30T07:04:42.394Z
15:04:59,620 |-WARN in ch.qos.logback.core.rolling.SizeAndTimeBasedFNATP@3fb6cf60 - SizeAndTimeBasedFNATP is deprecated. Use SizeAndTimeBasedRollingPolicy instead
15:04:59,620 |-WARN in ch.qos.logback.core.rolling.SizeAndTimeBasedFNATP@3fb6cf60 - For more information see http://logback.qos.ch/manual/appenders.html#SizeAndTimeBasedRollingPolicy
15:04:59,627 |-INFO in c.q.l.core.rolling.TimeBasedRollingPolicy@333793193 - Cleaning on start up
15:04:59,635 |-INFO in ch.qos.logback.core.model.processor.ImplicitModelHandler - Assuming default type [ch.qos.logback.classic.encoder.PatternLayoutEncoder] for [encoder] property
15:04:59,635 |-INFO in c.q.l.core.rolling.helper.TimeBasedArchiveRemover - first clean up after appender initialization
15:04:59,636 |-INFO in c.q.l.core.rolling.helper.TimeBasedArchiveRemover - Multiple periods, i.e. 32 periods, seem to have elapsed. This is expected at application start.
15:04:59,641 |-INFO in ch.qos.logback.core.rolling.RollingFileAppender[SERVICE_FILE] - Active log file name: ./logs/unknown-service/unknown-service.log
15:04:59,641 |-INFO in ch.qos.logback.core.rolling.RollingFileAppender[SERVICE_FILE] - File property is set to [./logs/unknown-service/unknown-service.log]
15:04:59,643 |-INFO in ch.qos.logback.core.model.processor.AppenderModelHandler - Processing appender named [ERROR_FILE]
15:04:59,643 |-INFO in ch.qos.logback.core.model.processor.AppenderModelHandler - About to instantiate appender of type [ch.qos.logback.core.rolling.RollingFileAppender]
15:04:59,651 |-WARN in ch.qos.logback.core.model.processor.ImplicitModelHandler - Ignoring unknown property [maxHistory] in [ch.qos.logback.core.rolling.SizeAndTimeBasedFNATP]
15:04:59,651 |-WARN in ch.qos.logback.core.model.processor.ImplicitModelHandler - Ignoring unknown property [totalSizeCap] in [ch.qos.logback.core.rolling.SizeAndTimeBasedFNATP]
15:04:59,651 |-INFO in c.q.l.core.rolling.TimeBasedRollingPolicy@937277082 - No compression will be used
15:04:59,652 |-INFO in c.q.l.core.rolling.TimeBasedRollingPolicy@937277082 - Will use the pattern ./logs/unknown-service/unknown-service-error-%d{yyyyMMdd}.%i.log for the active file
15:04:59,652 |-INFO in ch.qos.logback.core.rolling.SizeAndTimeBasedFNATP@349c1daf - The date pattern is 'yyyyMMdd' from file name pattern './logs/unknown-service/unknown-service-error-%d{yyyyMMdd}.%i.log'.
15:04:59,652 |-INFO in ch.qos.logback.core.rolling.SizeAndTimeBasedFNATP@349c1daf - Roll-over at midnight.
15:04:59,653 |-INFO in ch.qos.logback.core.rolling.SizeAndTimeBasedFNATP@349c1daf - Setting initial period to 2026-06-17T05:38:51.844Z
15:04:59,653 |-WARN in ch.qos.logback.core.rolling.SizeAndTimeBasedFNATP@349c1daf - SizeAndTimeBasedFNATP is deprecated. Use SizeAndTimeBasedRollingPolicy instead
15:04:59,653 |-WARN in ch.qos.logback.core.rolling.SizeAndTimeBasedFNATP@349c1daf - For more information see http://logback.qos.ch/manual/appenders.html#SizeAndTimeBasedRollingPolicy
15:04:59,654 |-INFO in ch.qos.logback.core.model.processor.ImplicitModelHandler - Assuming default type [ch.qos.logback.classic.encoder.PatternLayoutEncoder] for [encoder] property
15:04:59,655 |-INFO in ch.qos.logback.core.rolling.RollingFileAppender[ERROR_FILE] - Active log file name: ./logs/unknown-service/unknown-service-error.log
15:04:59,655 |-INFO in ch.qos.logback.core.rolling.RollingFileAppender[ERROR_FILE] - File property is set to [./logs/unknown-service/unknown-service-error.log]
15:04:59,655 |-INFO in ch.qos.logback.core.model.processor.AppenderModelHandler - Processing appender named [ASYNC]
15:04:59,655 |-INFO in ch.qos.logback.core.model.processor.AppenderModelHandler - About to instantiate appender of type [ch.qos.logback.classic.AsyncAppender]
15:04:59,661 |-INFO in ch.qos.logback.core.model.processor.AppenderRefModelHandler - Attaching appender named [SERVICE_FILE] to ch.qos.logback.classic.AsyncAppender[ASYNC]
15:04:59,661 |-INFO in ch.qos.logback.classic.AsyncAppender[ASYNC] - Attaching appender named [SERVICE_FILE] to AsyncAppender.
15:04:59,661 |-INFO in ch.qos.logback.core.model.processor.AppenderRefModelHandler - Attaching appender named [ERROR_FILE] to ch.qos.logback.classic.AsyncAppender[ASYNC]
15:04:59,661 |-WARN in ch.qos.logback.classic.AsyncAppender[ASYNC] - One and only one appender may be attached to AsyncAppender.
15:04:59,661 |-WARN in ch.qos.logback.classic.AsyncAppender[ASYNC] - Ignoring additional appender named [ERROR_FILE]
15:04:59,662 |-INFO in ch.qos.logback.classic.AsyncAppender[ASYNC] - Setting discardingThreshold to 0
15:04:59,662 |-INFO in ch.qos.logback.classic.model.processor.RootLoggerModelHandler - Setting level of ROOT logger to INFO
15:04:59,663 |-INFO in ch.qos.logback.classic.jul.LevelChangePropagator@dfddc9a - Propagating INFO level on Logger[ROOT] onto the JUL framework
15:04:59,665 |-INFO in ch.qos.logback.core.model.processor.AppenderRefModelHandler - Attaching appender named [CONSOLE] to Logger[ROOT]
15:04:59,665 |-INFO in ch.qos.logback.core.model.processor.AppenderRefModelHandler - Attaching appender named [ASYNC] to Logger[ROOT]
15:04:59,665 |-INFO in ch.qos.logback.classic.model.processor.LoggerModelHandler - Setting level of logger [com.psi] to INFO
15:04:59,665 |-INFO in ch.qos.logback.classic.jul.LevelChangePropagator@dfddc9a - Propagating INFO level on Logger[com.psi] onto the JUL framework
15:04:59,669 |-INFO in ch.qos.logback.classic.model.processor.LoggerModelHandler - Setting additivity of logger [com.psi] to false
15:04:59,669 |-INFO in ch.qos.logback.core.model.processor.AppenderRefModelHandler - Attaching appender named [CONSOLE] to Logger[com.psi]
15:04:59,669 |-INFO in ch.qos.logback.core.model.processor.AppenderRefModelHandler - Attaching appender named [ASYNC] to Logger[com.psi]
15:04:59,669 |-INFO in ch.qos.logback.classic.model.processor.LoggerModelHandler - Setting level of logger [org.springframework] to WARN
15:04:59,669 |-INFO in ch.qos.logback.classic.jul.LevelChangePropagator@dfddc9a - Propagating WARN level on Logger[org.springframework] onto the JUL framework
15:04:59,671 |-INFO in ch.qos.logback.classic.model.processor.LoggerModelHandler - Setting additivity of logger [org.springframework] to false
15:04:59,671 |-INFO in ch.qos.logback.core.model.processor.AppenderRefModelHandler - Attaching appender named [CONSOLE] to Logger[org.springframework]
15:04:59,671 |-INFO in ch.qos.logback.core.model.processor.AppenderRefModelHandler - Attaching appender named [ASYNC] to Logger[org.springframework]
15:04:59,671 |-INFO in ch.qos.logback.classic.model.processor.LoggerModelHandler - Setting level of logger [com.baomidou.mybatisplus] to WARN
15:04:59,671 |-INFO in ch.qos.logback.classic.jul.LevelChangePropagator@dfddc9a - Propagating WARN level on Logger[com.baomidou.mybatisplus] onto the JUL framework
15:04:59,671 |-INFO in ch.qos.logback.classic.model.processor.LoggerModelHandler - Setting additivity of logger [com.baomidou.mybatisplus] to false
15:04:59,671 |-INFO in ch.qos.logback.core.model.processor.AppenderRefModelHandler - Attaching appender named [CONSOLE] to Logger[com.baomidou.mybatisplus]
15:04:59,671 |-INFO in ch.qos.logback.core.model.processor.AppenderRefModelHandler - Attaching appender named [ASYNC] to Logger[com.baomidou.mybatisplus]
15:04:59,671 |-INFO in ch.qos.logback.classic.model.processor.LoggerModelHandler - Setting level of logger [com.psi.common.mybatis] to DEBUG
15:04:59,671 |-INFO in ch.qos.logback.classic.jul.LevelChangePropagator@dfddc9a - Propagating DEBUG level on Logger[com.psi.common.mybatis] onto the JUL framework
15:04:59,671 |-INFO in ch.qos.logback.classic.model.processor.LoggerModelHandler - Setting additivity of logger [com.psi.common.mybatis] to false
15:04:59,671 |-INFO in ch.qos.logback.core.model.processor.AppenderRefModelHandler - Attaching appender named [CONSOLE] to Logger[com.psi.common.mybatis]
15:04:59,671 |-INFO in ch.qos.logback.core.model.processor.AppenderRefModelHandler - Attaching appender named [ASYNC] to Logger[com.psi.common.mybatis]
15:04:59,671 |-INFO in ch.qos.logback.core.model.processor.DefaultProcessor@4b9df8a - End of configuration.
15:04:59,671 |-INFO in org.springframework.boot.logging.logback.SpringBootJoranConfigurator@5e8ac0e1 - Registering current configuration as safe fallback point


  .   ____          _            __ _ _
 /\\ / ___'_ __ _ _(_)_ __  __ _ \ \ \ \
( ( )\___ | '_ | '_| | '_ \/ _` | \ \ \ \
 \\/  ___)| |_)| | | | | || (_| |  ) ) ) )
  '  |____| .__|_| |_|_| |_\__, | / / / /
 =========|_|==============|___/=/_/_/_/
 :: Spring Boot ::                (v3.2.5)

2026-06-30 15:04:59.813 [background-preinit] INFO  o.h.validator.internal.util.Version - traceId= - HV000001: Hibernate Validator 8.0.1.Final
2026-06-30 15:05:00.287 [main] INFO  com.psi.finance.FinanceApplication - traceId= - Starting FinanceApplication v1.0.0 using Java 21.0.10 with PID 9168 (E:\spring boot\psi-parent\psi-finance\target\psi-finance-1.0.0.jar started by T480S in E:\spring boot\psi-parent)
2026-06-30 15:05:00.292 [main] INFO  com.psi.finance.FinanceApplication - traceId= - No active profile set, falling back to 1 default profile: "default"
2026-06-30 15:05:03.798 [main] INFO  o.a.coyote.http11.Http11NioProtocol - traceId= - Initializing ProtocolHandler ["http-nio-8088"]
2026-06-30 15:05:03.802 [main] INFO  o.a.catalina.core.StandardService - traceId= - Starting service [Tomcat]
2026-06-30 15:05:03.802 [main] INFO  o.a.catalina.core.StandardEngine - traceId= - Starting Servlet engine: [Apache Tomcat/10.1.20]
2026-06-30 15:05:03.879 [main] INFO  o.a.c.c.C.[Tomcat].[localhost].[/] - traceId= - Initializing Spring embedded WebApplicationContext
2026-06-30 15:05:04.942 [main] INFO  com.zaxxer.hikari.HikariDataSource - traceId= - HikariPool-1 - Starting...
2026-06-30 15:05:05.828 [main] INFO  com.zaxxer.hikari.pool.HikariPool - traceId= - HikariPool-1 - Added connection com.mysql.cj.jdbc.ConnectionImpl@273aaab7
2026-06-30 15:05:05.834 [main] INFO  com.zaxxer.hikari.HikariDataSource - traceId= - HikariPool-1 - Start completed.
2026-06-30 15:05:05.924 [main] INFO  org.flywaydb.core.FlywayExecutor - traceId= - Database: jdbc:mysql://localhost:3306/finance_db (MySQL 8.0)
2026-06-30 15:05:06.019 [main] INFO  o.f.core.internal.command.DbValidate - traceId= - Successfully validated 1 migration (execution time 00:00.042s)
2026-06-30 15:05:06.053 [main] INFO  o.f.core.internal.command.DbMigrate - traceId= - Current version of schema `finance_db`: 1
2026-06-30 15:05:06.067 [main] INFO  o.f.core.internal.command.DbMigrate - traceId= - Schema `finance_db` is up to date. No migration necessary.
Logging initialized using 'class org.apache.ibatis.logging.stdout.StdOutImpl' adapter.
Use localhost address 
Get LAPTOP-R31UMNJJ/192.168.1.135 network interface 
Get network interface info: name:wireless_32768 (Intel(R) Dual Band Wireless-AC 8265)
Initialization Sequence datacenterId:13 workerId:28
 _ _   |_  _ _|_. ___ _ |    _ 
| | |\/|_)(_| | |_\  |_)||_|_\ 
     /               |         
                        3.5.6 
2026-06-30 15:05:07.872 [main] INFO  c.p.c.m.a.MQAutoConfiguration - traceId= - TtlRabbitTemplate configured
2026-06-30 15:05:08.346 [main] INFO  c.p.c.a.a.AsyncAutoConfiguration - traceId= - Async executor initialized with TTL wrapper: corePoolSize=4, maxPoolSize=8, queueCapacity=1000
2026-06-30 15:05:08.356 [main] INFO  c.p.c.l.a.LogAutoConfiguration - traceId= - ══════════════════════════════════════════════════════════════════════
2026-06-30 15:05:08.356 [main] INFO  c.p.c.l.a.LogAutoConfiguration - traceId= -                     日志统一配置初始化完成                              
2026-06-30 15:05:08.356 [main] INFO  c.p.c.l.a.LogAutoConfiguration - traceId= - ══════════════════════════════════════════════════════════════════════
2026-06-30 15:05:08.357 [main] INFO  c.p.c.l.a.LogAutoConfiguration - traceId= -   日志根目录: ./logs
2026-06-30 15:05:08.357 [main] INFO  c.p.c.l.a.LogAutoConfiguration - traceId= -   服务日志目录: ./logs/psi-finance
2026-06-30 15:05:08.357 [main] INFO  c.p.c.l.a.LogAutoConfiguration - traceId= -   日志级别: INFO
2026-06-30 15:05:08.358 [main] INFO  c.p.c.l.a.LogAutoConfiguration - traceId= -   控制台输出: true
2026-06-30 15:05:08.358 [main] INFO  c.p.c.l.a.LogAutoConfiguration - traceId= -   文件输出: true
2026-06-30 15:05:08.358 [main] INFO  c.p.c.l.a.LogAutoConfiguration - traceId= -   保留天数: 7天
2026-06-30 15:05:08.359 [main] INFO  c.p.c.l.a.LogAutoConfiguration - traceId= - ══════════════════════════════════════════════════════════════════════
2026-06-30 15:05:08.431 [main] INFO  c.p.c.m.a.RabbitBindingAutoConfiguration - traceId= - 声明公共交换机: common.exchange
2026-06-30 15:05:08.443 [main] INFO  c.p.c.m.a.RabbitBindingAutoConfiguration - traceId= - 声明绑定关系: common.exchange -> common.queue (common.routing)
2026-06-30 15:05:08.444 [main] INFO  c.p.c.m.a.RabbitBindingAutoConfiguration - traceId= - 声明公共死信交换机: common.dlx.exchange
2026-06-30 15:05:08.445 [main] INFO  c.p.c.m.a.RabbitBindingAutoConfiguration - traceId= - 声明公共死信队列: common.dlx.queue
2026-06-30 15:05:08.447 [main] INFO  c.p.c.m.a.RabbitBindingAutoConfiguration - traceId= - 声明绑定关系: common.dlx.exchange -> common.dlx.queue (common.dlx.routing)
2026-06-30 15:05:08.447 [main] INFO  c.p.c.m.a.RabbitBindingAutoConfiguration - traceId= - 声明消息记录交换机: psi.message.record
2026-06-30 15:05:08.449 [main] INFO  c.p.c.m.a.RabbitBindingAutoConfiguration - traceId= - 声明绑定关系: psi.message.record -> psi.message.record.queue (message.record)
2026-06-30 15:05:08.450 [main] INFO  c.p.c.m.a.RabbitBindingAutoConfiguration - traceId= - 声明登录日志交换机: system.login.log.exchange
2026-06-30 15:05:08.452 [main] INFO  c.p.c.m.a.RabbitBindingAutoConfiguration - traceId= - 声明绑定关系: system.login.log.exchange -> system.login.log.queue (login.log)
2026-06-30 15:05:08.453 [main] INFO  c.p.c.m.a.RabbitBindingAutoConfiguration - traceId= - 声明流程完成交换机(订单): flow.completed.order.exchange
2026-06-30 15:05:08.455 [main] INFO  c.p.c.m.a.RabbitBindingAutoConfiguration - traceId= - 声明绑定关系: flow.completed.order.exchange -> flow.completed.order.queue (flow.completed.order)
2026-06-30 15:05:08.455 [main] INFO  c.p.c.m.a.RabbitBindingAutoConfiguration - traceId= - 声明流程完成交换机(商品): flow.completed.goods.exchange
2026-06-30 15:05:08.458 [main] INFO  c.p.c.m.a.RabbitBindingAutoConfiguration - traceId= - 声明绑定关系: flow.completed.goods.exchange -> flow.completed.goods.queue (flow.completed.goods)
2026-06-30 15:05:08.460 [main] INFO  c.p.c.m.a.RabbitBindingAutoConfiguration - traceId= - 声明流程完成交换机(库存): flow.completed.stock.exchange
2026-06-30 15:05:08.462 [main] INFO  c.p.c.m.a.RabbitBindingAutoConfiguration - traceId= - 声明绑定关系: flow.completed.stock.exchange -> flow.completed.stock.queue (flow.completed.stock)
2026-06-30 15:05:08.463 [main] INFO  c.p.c.m.a.RabbitBindingAutoConfiguration - traceId= - 声明流程完成交换机(通用): flow.completed.common.exchange
2026-06-30 15:05:08.465 [main] INFO  c.p.c.m.a.RabbitBindingAutoConfiguration - traceId= - 声明绑定关系: flow.completed.common.exchange -> flow.completed.common.queue (flow.completed.common)
2026-06-30 15:05:08.472 [main] INFO  c.p.c.m.a.RabbitBindingAutoConfiguration - traceId= - 声明收银业务交换机: psi.sale.cashier.exchange
2026-06-30 15:05:08.474 [main] INFO  c.p.c.m.a.RabbitBindingAutoConfiguration - traceId= - 声明绑定关系: psi.sale.cashier.exchange -> psi.sale.cashier.finance.queue (cashier.finance)
2026-06-30 15:05:08.475 [main] INFO  c.p.c.m.a.RabbitBindingAutoConfiguration - traceId= - 声明绑定关系: psi.sale.cashier.exchange -> psi.sale.cashier.stock.queue (cashier.stock)
2026-06-30 15:05:08.475 [main] INFO  c.p.c.m.a.RabbitBindingAutoConfiguration - traceId= - 声明销售订单交换机: psi.sale.order.exchange
2026-06-30 15:05:08.478 [main] INFO  c.p.c.m.a.RabbitBindingAutoConfiguration - traceId= - 声明绑定关系: psi.sale.order.exchange -> psi.sale.order.finance.queue (sale.order.finance)
2026-06-30 15:05:08.480 [main] INFO  c.p.c.m.a.RabbitBindingAutoConfiguration - traceId= - 声明绑定关系: psi.sale.order.exchange -> psi.sale.order.stock.queue (sale.order.stock)
2026-06-30 15:05:08.481 [main] INFO  c.p.c.m.a.RabbitBindingAutoConfiguration - traceId= - 声明绑定关系: psi.sale.order.exchange -> psi.sale.order.release.queue (sale.order.release)
2026-06-30 15:05:08.482 [main] INFO  c.p.c.m.a.RabbitBindingAutoConfiguration - traceId= - 声明销售出库交换机: psi.sale.out.exchange
2026-06-30 15:05:08.485 [main] INFO  c.p.c.m.a.RabbitBindingAutoConfiguration - traceId= - 声明绑定关系: psi.sale.out.exchange -> psi.sale.out.finance.queue (sale.out.finance)
2026-06-30 15:05:08.487 [main] INFO  c.p.c.m.a.RabbitBindingAutoConfiguration - traceId= - 声明绑定关系: psi.sale.out.exchange -> psi.sale.out.stock.queue (sale.out.stock)
2026-06-30 15:05:08.488 [main] INFO  c.p.c.m.a.RabbitBindingAutoConfiguration - traceId= - 声明销售退货交换机: psi.sale.return.exchange
2026-06-30 15:05:08.490 [main] INFO  c.p.c.m.a.RabbitBindingAutoConfiguration - traceId= - 声明绑定关系: psi.sale.return.exchange -> psi.sale.return.finance.queue (sale.return.finance)
2026-06-30 15:05:08.491 [main] INFO  c.p.c.m.a.RabbitBindingAutoConfiguration - traceId= - 声明绑定关系: psi.sale.return.exchange -> psi.sale.return.stock.queue (sale.return.stock)
2026-06-30 15:05:08.493 [main] INFO  c.p.c.m.a.RabbitBindingAutoConfiguration - traceId= - 声明上行同步交换机: psi.sync.up.exchange
2026-06-30 15:05:08.495 [main] INFO  c.p.c.m.a.RabbitBindingAutoConfiguration - traceId= - 声明绑定关系: psi.sync.up.exchange -> psi.sync.up.queue (sync.up)
2026-06-30 15:05:08.496 [main] INFO  c.p.c.m.a.RabbitBindingAutoConfiguration - traceId= - 声明商品上行同步队列: psi.goods.sync.up.queue
2026-06-30 15:05:08.497 [main] INFO  c.p.c.m.a.RabbitBindingAutoConfiguration - traceId= - 声明绑定关系: psi.sync.up.exchange -> psi.goods.sync.up.queue (sync.up.goods)
2026-06-30 15:05:08.499 [main] INFO  c.p.c.m.a.RabbitBindingAutoConfiguration - traceId= - 声明上行同步客户队列: psi.sync.up.customer.queue
2026-06-30 15:05:08.500 [main] INFO  c.p.c.m.a.RabbitBindingAutoConfiguration - traceId= - 声明绑定关系: psi.sync.up.exchange -> psi.sync.up.customer.queue (sync.up.customer)
2026-06-30 15:05:08.501 [main] INFO  c.p.c.m.a.RabbitBindingAutoConfiguration - traceId= - 声明下行同步交换机: psi.sync.down.exchange
2026-06-30 15:05:08.502 [main] INFO  c.p.c.m.a.RabbitBindingAutoConfiguration - traceId= - 声明下行同步队列: psi.sync.down.queue
2026-06-30 15:05:08.503 [main] INFO  c.p.c.m.a.RabbitBindingAutoConfiguration - traceId= - 声明绑定关系: psi.sync.down.exchange -> psi.sync.down.queue (sync.down)
2026-06-30 15:05:08.505 [main] INFO  c.p.c.t.a.TenantAutoConfiguration - traceId= - Tenant context auto-configuration enabled. Required: false, DefaultTenantId: default
2026-06-30 15:05:08.835 [main] INFO  o.a.coyote.http11.Http11NioProtocol - traceId= - Starting ProtocolHandler ["http-nio-8088"]
2026-06-30 15:05:09.330 [main] INFO  com.psi.finance.FinanceApplication - traceId= - Started FinanceApplication in 10.782 seconds (process running for 11.986)
2026-06-30 15:05:09.342 [scheduling-1] INFO  c.p.c.s.BaseUpSyncDownloadService - traceId= - [finance] 开始拉取上行同步数据: lastTime=2026-06-30 14:05:09
2026-06-30 15:05:39.440 [scheduling-1] INFO  c.p.c.s.BaseUpSyncDownloadService - traceId= - [finance] 开始拉取上行同步数据: lastTime=2026-06-30 15:05:09
2026-06-30 15:06:09.463 [scheduling-1] INFO  c.p.c.s.BaseUpSyncDownloadService - traceId= - [finance] 开始拉取上行同步数据: lastTime=2026-06-30 15:05:39
2026-06-30 15:06:38.706 [org.springframework.amqp.rabbit.RabbitListenerEndpointContainer#3-1] INFO  c.p.f.m.l.SaleReturnFinanceListener - traceId= - 收到销售退货财务消息，单号: SR_UP_002, 客户: ??????????, 金额: 200.0
Creating a new SqlSession
SqlSession [org.apache.ibatis.session.defaults.DefaultSqlSession@205fbe0a] was not registered for synchronization because synchronization is not active
JDBC Connection [HikariProxyConnection@1564086741 wrapping com.mysql.cj.jdbc.ConnectionImpl@273aaab7] will not be managed by Spring
==>  Preparing: INSERT INTO finance_receivable ( store_code, store_name, customer_code, customer_name, total_amount, paid_amount, remain_amount, source_no, source_type, bill_date, due_date, tenant_id, create_by, create_time, update_by, update_time, del_flag, status, data_uuid ) VALUES ( ?, ?, ?, ?, ?, ?, ?, ?, ?, ?, ?, ?, ?, ?, ?, ?, ?, ?, ? )
==> Parameters: MAIN(String), MAIN(String), CUS001(String), ??????????(String), -200.0(BigDecimal), 0(BigDecimal), -200.0(BigDecimal), SR_UP_002(String), SALE_RETURN(String), 2026-06-30(String), 2026-06-30(String), null, null, 2026-06-30T15:06:38.805900600(LocalDateTime), null, 2026-06-30T15:06:38.805900600(LocalDateTime), 0(Integer), 1(Integer), 330242714744524800(String)
<==    Updates: 1
Closing non transactional SqlSession [org.apache.ibatis.session.defaults.DefaultSqlSession@205fbe0a]
2026-06-30 15:06:38.862 [org.springframework.amqp.rabbit.RabbitListenerEndpointContainer#3-1] INFO  c.p.f.m.l.SaleReturnFinanceListener - traceId= - 销售退货应收冲减已生成: returnNo=SR_UP_002, 冲减金额: -200.0
2026-06-30 15:06:39.471 [scheduling-1] INFO  c.p.c.s.BaseUpSyncDownloadService - traceId= - [finance] 开始拉取上行同步数据: lastTime=2026-06-30 15:06:09
2026-06-30 15:07:09.493 [scheduling-1] INFO  c.p.c.s.BaseUpSyncDownloadService - traceId= - [finance] 开始拉取上行同步数据: lastTime=2026-06-30 15:06:39
2026-06-30 15:07:39.517 [scheduling-1] INFO  c.p.c.s.BaseUpSyncDownloadService - traceId= - [finance] 开始拉取上行同步数据: lastTime=2026-06-30 15:07:09
2026-06-30 15:08:09.535 [scheduling-1] INFO  c.p.c.s.BaseUpSyncDownloadService - traceId= - [finance] 开始拉取上行同步数据: lastTime=2026-06-30 15:07:39
2026-06-30 15:08:39.549 [scheduling-1] INFO  c.p.c.s.BaseUpSyncDownloadService - traceId= - [finance] 开始拉取上行同步数据: lastTime=2026-06-30 15:08:09
2026-06-30 15:09:09.566 [scheduling-1] INFO  c.p.c.s.BaseUpSyncDownloadService - traceId= - [finance] 开始拉取上行同步数据: lastTime=2026-06-30 15:08:39
2026-06-30 15:09:39.576 [scheduling-1] INFO  c.p.c.s.BaseUpSyncDownloadService - traceId= - [finance] 开始拉取上行同步数据: lastTime=2026-06-30 15:09:09
2026-06-30 15:10:09.604 [scheduling-1] INFO  c.p.c.s.BaseUpSyncDownloadService - traceId= - [finance] 开始拉取上行同步数据: lastTime=2026-06-30 15:09:39
2026-06-30 15:10:39.616 [scheduling-1] INFO  c.p.c.s.BaseUpSyncDownloadService - traceId= - [finance] 开始拉取上行同步数据: lastTime=2026-06-30 15:10:09
2026-06-30 15:11:09.640 [scheduling-1] INFO  c.p.c.s.BaseUpSyncDownloadService - traceId= - [finance] 开始拉取上行同步数据: lastTime=2026-06-30 15:10:39
2026-06-30 15:11:39.668 [scheduling-1] INFO  c.p.c.s.BaseUpSyncDownloadService - traceId= - [finance] 开始拉取上行同步数据: lastTime=2026-06-30 15:11:09
2026-06-30 15:12:09.681 [scheduling-1] INFO  c.p.c.s.BaseUpSyncDownloadService - traceId= - [finance] 开始拉取上行同步数据: lastTime=2026-06-30 15:11:39
2026-06-30 15:12:39.704 [scheduling-1] INFO  c.p.c.s.BaseUpSyncDownloadService - traceId= - [finance] 开始拉取上行同步数据: lastTime=2026-06-30 15:12:09
2026-06-30 15:13:09.726 [scheduling-1] INFO  c.p.c.s.BaseUpSyncDownloadService - traceId= - [finance] 开始拉取上行同步数据: lastTime=2026-06-30 15:12:39
2026-06-30 15:13:39.739 [scheduling-1] INFO  c.p.c.s.BaseUpSyncDownloadService - traceId= - [finance] 开始拉取上行同步数据: lastTime=2026-06-30 15:13:09
2026-06-30 15:14:09.864 [scheduling-1] INFO  c.p.c.s.BaseUpSyncDownloadService - traceId= - [finance] 开始拉取上行同步数据: lastTime=2026-06-30 15:13:39
2026-06-30 15:14:40.214 [scheduling-1] INFO  c.p.c.s.BaseUpSyncDownloadService - traceId= - [finance] 开始拉取上行同步数据: lastTime=2026-06-30 15:14:10
2026-06-30 15:15:10.233 [scheduling-1] INFO  c.p.c.s.BaseUpSyncDownloadService - traceId= - [finance] 开始拉取上行同步数据: lastTime=2026-06-30 15:14:40
2026-06-30 15:15:40.257 [scheduling-1] INFO  c.p.c.s.BaseUpSyncDownloadService - traceId= - [finance] 开始拉取上行同步数据: lastTime=2026-06-30 15:15:10
2026-06-30 15:16:10.270 [scheduling-1] INFO  c.p.c.s.BaseUpSyncDownloadService - traceId= - [finance] 开始拉取上行同步数据: lastTime=2026-06-30 15:15:40
2026-06-30 15:16:40.289 [scheduling-1] INFO  c.p.c.s.BaseUpSyncDownloadService - traceId= - [finance] 开始拉取上行同步数据: lastTime=2026-06-30 15:16:10
2026-06-30 15:17:10.302 [scheduling-1] INFO  c.p.c.s.BaseUpSyncDownloadService - traceId= - [finance] 开始拉取上行同步数据: lastTime=2026-06-30 15:16:40
2026-06-30 15:17:40.327 [scheduling-1] INFO  c.p.c.s.BaseUpSyncDownloadService - traceId= - [finance] 开始拉取上行同步数据: lastTime=2026-06-30 15:17:10
2026-06-30 15:18:10.342 [scheduling-1] INFO  c.p.c.s.BaseUpSyncDownloadService - traceId= - [finance] 开始拉取上行同步数据: lastTime=2026-06-30 15:17:40
2026-06-30 15:18:40.367 [scheduling-1] INFO  c.p.c.s.BaseUpSyncDownloadService - traceId= - [finance] 开始拉取上行同步数据: lastTime=2026-06-30 15:18:10
2026-06-30 15:19:10.387 [scheduling-1] INFO  c.p.c.s.BaseUpSyncDownloadService - traceId= - [finance] 开始拉取上行同步数据: lastTime=2026-06-30 15:18:40
2026-06-30 15:19:40.401 [scheduling-1] INFO  c.p.c.s.BaseUpSyncDownloadService - traceId= - [finance] 开始拉取上行同步数据: lastTime=2026-06-30 15:19:10
2026-06-30 15:20:10.415 [scheduling-1] INFO  c.p.c.s.BaseUpSyncDownloadService - traceId= - [finance] 开始拉取上行同步数据: lastTime=2026-06-30 15:19:40
2026-06-30 15:20:40.448 [scheduling-1] INFO  c.p.c.s.BaseUpSyncDownloadService - traceId= - [finance] 开始拉取上行同步数据: lastTime=2026-06-30 15:20:10
2026-06-30 15:21:10.462 [scheduling-1] INFO  c.p.c.s.BaseUpSyncDownloadService - traceId= - [finance] 开始拉取上行同步数据: lastTime=2026-06-30 15:20:40
2026-06-30 15:21:40.478 [scheduling-1] INFO  c.p.c.s.BaseUpSyncDownloadService - traceId= - [finance] 开始拉取上行同步数据: lastTime=2026-06-30 15:21:10
2026-06-30 15:22:10.492 [scheduling-1] INFO  c.p.c.s.BaseUpSyncDownloadService - traceId= - [finance] 开始拉取上行同步数据: lastTime=2026-06-30 15:21:40
2026-06-30 15:22:40.504 [scheduling-1] INFO  c.p.c.s.BaseUpSyncDownloadService - traceId= - [finance] 开始拉取上行同步数据: lastTime=2026-06-30 15:22:10
2026-06-30 15:23:10.517 [scheduling-1] INFO  c.p.c.s.BaseUpSyncDownloadService - traceId= - [finance] 开始拉取上行同步数据: lastTime=2026-06-30 15:22:40
2026-06-30 15:23:40.537 [scheduling-1] INFO  c.p.c.s.BaseUpSyncDownloadService - traceId= - [finance] 开始拉取上行同步数据: lastTime=2026-06-30 15:23:10
2026-06-30 15:24:10.609 [scheduling-1] INFO  c.p.c.s.BaseUpSyncDownloadService - traceId= - [finance] 开始拉取上行同步数据: lastTime=2026-06-30 15:23:40
2026-06-30 15:24:40.628 [scheduling-1] INFO  c.p.c.s.BaseUpSyncDownloadService - traceId= - [finance] 开始拉取上行同步数据: lastTime=2026-06-30 15:24:10
2026-06-30 15:25:10.645 [scheduling-1] INFO  c.p.c.s.BaseUpSyncDownloadService - traceId= - [finance] 开始拉取上行同步数据: lastTime=2026-06-30 15:24:40
2026-06-30 15:25:40.666 [scheduling-1] INFO  c.p.c.s.BaseUpSyncDownloadService - traceId= - [finance] 开始拉取上行同步数据: lastTime=2026-06-30 15:25:10
2026-06-30 15:26:10.682 [scheduling-1] INFO  c.p.c.s.BaseUpSyncDownloadService - traceId= - [finance] 开始拉取上行同步数据: lastTime=2026-06-30 15:25:40
2026-06-30 15:26:40.698 [scheduling-1] INFO  c.p.c.s.BaseUpSyncDownloadService - traceId= - [finance] 开始拉取上行同步数据: lastTime=2026-06-30 15:26:10
2026-06-30 15:27:10.714 [scheduling-1] INFO  c.p.c.s.BaseUpSyncDownloadService - traceId= - [finance] 开始拉取上行同步数据: lastTime=2026-06-30 15:26:40
2026-06-30 15:27:40.722 [scheduling-1] INFO  c.p.c.s.BaseUpSyncDownloadService - traceId= - [finance] 开始拉取上行同步数据: lastTime=2026-06-30 15:27:10
2026-06-30 15:28:10.738 [scheduling-1] INFO  c.p.c.s.BaseUpSyncDownloadService - traceId= - [finance] 开始拉取上行同步数据: lastTime=2026-06-30 15:27:40
2026-06-30 15:28:40.749 [scheduling-1] INFO  c.p.c.s.BaseUpSyncDownloadService - traceId= - [finance] 开始拉取上行同步数据: lastTime=2026-06-30 15:28:10
2026-06-30 15:29:10.766 [scheduling-1] INFO  c.p.c.s.BaseUpSyncDownloadService - traceId= - [finance] 开始拉取上行同步数据: lastTime=2026-06-30 15:28:40
2026-06-30 15:29:40.783 [scheduling-1] INFO  c.p.c.s.BaseUpSyncDownloadService - traceId= - [finance] 开始拉取上行同步数据: lastTime=2026-06-30 15:29:10
2026-06-30 15:30:10.812 [scheduling-1] INFO  c.p.c.s.BaseUpSyncDownloadService - traceId= - [finance] 开始拉取上行同步数据: lastTime=2026-06-30 15:29:40
2026-06-30 15:30:40.830 [scheduling-1] INFO  c.p.c.s.BaseUpSyncDownloadService - traceId= - [finance] 开始拉取上行同步数据: lastTime=2026-06-30 15:30:10
2026-06-30 15:31:10.853 [scheduling-1] INFO  c.p.c.s.BaseUpSyncDownloadService - traceId= - [finance] 开始拉取上行同步数据: lastTime=2026-06-30 15:30:40
2026-06-30 15:31:40.878 [scheduling-1] INFO  c.p.c.s.BaseUpSyncDownloadService - traceId= - [finance] 开始拉取上行同步数据: lastTime=2026-06-30 15:31:10
2026-06-30 15:32:10.905 [scheduling-1] INFO  c.p.c.s.BaseUpSyncDownloadService - traceId= - [finance] 开始拉取上行同步数据: lastTime=2026-06-30 15:31:40
2026-06-30 15:32:40.918 [scheduling-1] INFO  c.p.c.s.BaseUpSyncDownloadService - traceId= - [finance] 开始拉取上行同步数据: lastTime=2026-06-30 15:32:10
2026-06-30 15:33:10.928 [scheduling-1] INFO  c.p.c.s.BaseUpSyncDownloadService - traceId= - [finance] 开始拉取上行同步数据: lastTime=2026-06-30 15:32:40
2026-06-30 15:33:40.939 [scheduling-1] INFO  c.p.c.s.BaseUpSyncDownloadService - traceId= - [finance] 开始拉取上行同步数据: lastTime=2026-06-30 15:33:10
2026-06-30 15:34:10.956 [scheduling-1] INFO  c.p.c.s.BaseUpSyncDownloadService - traceId= - [finance] 开始拉取上行同步数据: lastTime=2026-06-30 15:33:40
2026-06-30 15:34:40.968 [scheduling-1] INFO  c.p.c.s.BaseUpSyncDownloadService - traceId= - [finance] 开始拉取上行同步数据: lastTime=2026-06-30 15:34:10
2026-06-30 15:35:10.980 [scheduling-1] INFO  c.p.c.s.BaseUpSyncDownloadService - traceId= - [finance] 开始拉取上行同步数据: lastTime=2026-06-30 15:34:40
2026-06-30 15:35:41.001 [scheduling-1] INFO  c.p.c.s.BaseUpSyncDownloadService - traceId= - [finance] 开始拉取上行同步数据: lastTime=2026-06-30 15:35:10
2026-06-30 15:36:11.021 [scheduling-1] INFO  c.p.c.s.BaseUpSyncDownloadService - traceId= - [finance] 开始拉取上行同步数据: lastTime=2026-06-30 15:35:41
2026-06-30 15:36:41.030 [scheduling-1] INFO  c.p.c.s.BaseUpSyncDownloadService - traceId= - [finance] 开始拉取上行同步数据: lastTime=2026-06-30 15:36:11
2026-06-30 15:37:11.049 [scheduling-1] INFO  c.p.c.s.BaseUpSyncDownloadService - traceId= - [finance] 开始拉取上行同步数据: lastTime=2026-06-30 15:36:41
2026-06-30 15:37:41.063 [scheduling-1] INFO  c.p.c.s.BaseUpSyncDownloadService - traceId= - [finance] 开始拉取上行同步数据: lastTime=2026-06-30 15:37:11
2026-06-30 15:38:11.079 [scheduling-1] INFO  c.p.c.s.BaseUpSyncDownloadService - traceId= - [finance] 开始拉取上行同步数据: lastTime=2026-06-30 15:37:41
2026-06-30 15:38:41.095 [scheduling-1] INFO  c.p.c.s.BaseUpSyncDownloadService - traceId= - [finance] 开始拉取上行同步数据: lastTime=2026-06-30 15:38:11
2026-06-30 15:39:11.113 [scheduling-1] INFO  c.p.c.s.BaseUpSyncDownloadService - traceId= - [finance] 开始拉取上行同步数据: lastTime=2026-06-30 15:38:41
2026-06-30 15:39:41.133 [scheduling-1] INFO  c.p.c.s.BaseUpSyncDownloadService - traceId= - [finance] 开始拉取上行同步数据: lastTime=2026-06-30 15:39:11
2026-06-30 15:40:11.148 [scheduling-1] INFO  c.p.c.s.BaseUpSyncDownloadService - traceId= - [finance] 开始拉取上行同步数据: lastTime=2026-06-30 15:39:41
2026-06-30 15:40:41.182 [scheduling-1] INFO  c.p.c.s.BaseUpSyncDownloadService - traceId= - [finance] 开始拉取上行同步数据: lastTime=2026-06-30 15:40:11
2026-06-30 15:41:11.202 [scheduling-1] INFO  c.p.c.s.BaseUpSyncDownloadService - traceId= - [finance] 开始拉取上行同步数据: lastTime=2026-06-30 15:40:41
2026-06-30 15:41:41.225 [scheduling-1] INFO  c.p.c.s.BaseUpSyncDownloadService - traceId= - [finance] 开始拉取上行同步数据: lastTime=2026-06-30 15:41:11
2026-06-30 15:42:11.247 [scheduling-1] INFO  c.p.c.s.BaseUpSyncDownloadService - traceId= - [finance] 开始拉取上行同步数据: lastTime=2026-06-30 15:41:41
2026-06-30 15:42:41.266 [scheduling-1] INFO  c.p.c.s.BaseUpSyncDownloadService - traceId= - [finance] 开始拉取上行同步数据: lastTime=2026-06-30 15:42:11
2026-06-30 15:43:11.292 [scheduling-1] INFO  c.p.c.s.BaseUpSyncDownloadService - traceId= - [finance] 开始拉取上行同步数据: lastTime=2026-06-30 15:42:41
2026-06-30 15:43:41.312 [scheduling-1] INFO  c.p.c.s.BaseUpSyncDownloadService - traceId= - [finance] 开始拉取上行同步数据: lastTime=2026-06-30 15:43:11
2026-06-30 15:44:11.333 [scheduling-1] INFO  c.p.c.s.BaseUpSyncDownloadService - traceId= - [finance] 开始拉取上行同步数据: lastTime=2026-06-30 15:43:41
2026-06-30 15:44:41.354 [scheduling-1] INFO  c.p.c.s.BaseUpSyncDownloadService - traceId= - [finance] 开始拉取上行同步数据: lastTime=2026-06-30 15:44:11
2026-06-30 15:45:11.377 [scheduling-1] INFO  c.p.c.s.BaseUpSyncDownloadService - traceId= - [finance] 开始拉取上行同步数据: lastTime=2026-06-30 15:44:41
2026-06-30 15:45:41.395 [scheduling-1] INFO  c.p.c.s.BaseUpSyncDownloadService - traceId= - [finance] 开始拉取上行同步数据: lastTime=2026-06-30 15:45:11
2026-06-30 15:46:11.413 [scheduling-1] INFO  c.p.c.s.BaseUpSyncDownloadService - traceId= - [finance] 开始拉取上行同步数据: lastTime=2026-06-30 15:45:41
2026-06-30 15:46:41.427 [scheduling-1] INFO  c.p.c.s.BaseUpSyncDownloadService - traceId= - [finance] 开始拉取上行同步数据: lastTime=2026-06-30 15:46:11
2026-06-30 15:47:11.449 [scheduling-1] INFO  c.p.c.s.BaseUpSyncDownloadService - traceId= - [finance] 开始拉取上行同步数据: lastTime=2026-06-30 15:46:41
2026-06-30 15:47:41.466 [scheduling-1] INFO  c.p.c.s.BaseUpSyncDownloadService - traceId= - [finance] 开始拉取上行同步数据: lastTime=2026-06-30 15:47:11
2026-06-30 15:48:11.501 [scheduling-1] INFO  c.p.c.s.BaseUpSyncDownloadService - traceId= - [finance] 开始拉取上行同步数据: lastTime=2026-06-30 15:47:41
2026-06-30 15:48:41.518 [scheduling-1] INFO  c.p.c.s.BaseUpSyncDownloadService - traceId= - [finance] 开始拉取上行同步数据: lastTime=2026-06-30 15:48:11
2026-06-30 15:49:11.547 [scheduling-1] INFO  c.p.c.s.BaseUpSyncDownloadService - traceId= - [finance] 开始拉取上行同步数据: lastTime=2026-06-30 15:48:41
2026-06-30 15:49:41.577 [scheduling-1] INFO  c.p.c.s.BaseUpSyncDownloadService - traceId= - [finance] 开始拉取上行同步数据: lastTime=2026-06-30 15:49:11
2026-06-30 15:50:11.607 [scheduling-1] INFO  c.p.c.s.BaseUpSyncDownloadService - traceId= - [finance] 开始拉取上行同步数据: lastTime=2026-06-30 15:49:41
2026-06-30 15:50:41.614 [scheduling-1] INFO  c.p.c.s.BaseUpSyncDownloadService - traceId= - [finance] 开始拉取上行同步数据: lastTime=2026-06-30 15:50:11
2026-06-30 15:51:11.631 [scheduling-1] INFO  c.p.c.s.BaseUpSyncDownloadService - traceId= - [finance] 开始拉取上行同步数据: lastTime=2026-06-30 15:50:41
2026-06-30 15:51:41.656 [scheduling-1] INFO  c.p.c.s.BaseUpSyncDownloadService - traceId= - [finance] 开始拉取上行同步数据: lastTime=2026-06-30 15:51:11
2026-06-30 15:52:11.669 [scheduling-1] INFO  c.p.c.s.BaseUpSyncDownloadService - traceId= - [finance] 开始拉取上行同步数据: lastTime=2026-06-30 15:51:41
2026-06-30 15:52:41.694 [scheduling-1] INFO  c.p.c.s.BaseUpSyncDownloadService - traceId= - [finance] 开始拉取上行同步数据: lastTime=2026-06-30 15:52:11
2026-06-30 15:53:11.725 [scheduling-1] INFO  c.p.c.s.BaseUpSyncDownloadService - traceId= - [finance] 开始拉取上行同步数据: lastTime=2026-06-30 15:52:41
2026-06-30 15:53:41.748 [scheduling-1] INFO  c.p.c.s.BaseUpSyncDownloadService - traceId= - [finance] 开始拉取上行同步数据: lastTime=2026-06-30 15:53:11
2026-06-30 15:54:11.763 [scheduling-1] INFO  c.p.c.s.BaseUpSyncDownloadService - traceId= - [finance] 开始拉取上行同步数据: lastTime=2026-06-30 15:53:41
2026-06-30 15:54:41.780 [scheduling-1] INFO  c.p.c.s.BaseUpSyncDownloadService - traceId= - [finance] 开始拉取上行同步数据: lastTime=2026-06-30 15:54:11
2026-06-30 15:55:11.786 [scheduling-1] INFO  c.p.c.s.BaseUpSyncDownloadService - traceId= - [finance] 开始拉取上行同步数据: lastTime=2026-06-30 15:54:41
2026-06-30 15:55:41.805 [scheduling-1] INFO  c.p.c.s.BaseUpSyncDownloadService - traceId= - [finance] 开始拉取上行同步数据: lastTime=2026-06-30 15:55:11
2026-06-30 15:56:11.825 [scheduling-1] INFO  c.p.c.s.BaseUpSyncDownloadService - traceId= - [finance] 开始拉取上行同步数据: lastTime=2026-06-30 15:55:41
2026-06-30 15:56:41.836 [scheduling-1] INFO  c.p.c.s.BaseUpSyncDownloadService - traceId= - [finance] 开始拉取上行同步数据: lastTime=2026-06-30 15:56:11
2026-06-30 15:57:11.845 [scheduling-1] INFO  c.p.c.s.BaseUpSyncDownloadService - traceId= - [finance] 开始拉取上行同步数据: lastTime=2026-06-30 15:56:41
2026-06-30 15:57:41.869 [scheduling-1] INFO  c.p.c.s.BaseUpSyncDownloadService - traceId= - [finance] 开始拉取上行同步数据: lastTime=2026-06-30 15:57:11
2026-06-30 15:58:11.887 [scheduling-1] INFO  c.p.c.s.BaseUpSyncDownloadService - traceId= - [finance] 开始拉取上行同步数据: lastTime=2026-06-30 15:57:41
2026-06-30 15:58:41.903 [scheduling-1] INFO  c.p.c.s.BaseUpSyncDownloadService - traceId= - [finance] 开始拉取上行同步数据: lastTime=2026-06-30 15:58:11
2026-06-30 15:59:11.919 [scheduling-1] INFO  c.p.c.s.BaseUpSyncDownloadService - traceId= - [finance] 开始拉取上行同步数据: lastTime=2026-06-30 15:58:41
2026-06-30 15:59:41.932 [scheduling-1] INFO  c.p.c.s.BaseUpSyncDownloadService - traceId= - [finance] 开始拉取上行同步数据: lastTime=2026-06-30 15:59:11
2026-06-30 16:00:11.958 [scheduling-1] INFO  c.p.c.s.BaseUpSyncDownloadService - traceId= - [finance] 开始拉取上行同步数据: lastTime=2026-06-30 15:59:41
2026-06-30 16:00:41.976 [scheduling-1] INFO  c.p.c.s.BaseUpSyncDownloadService - traceId= - [finance] 开始拉取上行同步数据: lastTime=2026-06-30 16:00:11
2026-06-30 16:01:11.996 [scheduling-1] INFO  c.p.c.s.BaseUpSyncDownloadService - traceId= - [finance] 开始拉取上行同步数据: lastTime=2026-06-30 16:00:41
2026-06-30 16:01:42.008 [scheduling-1] INFO  c.p.c.s.BaseUpSyncDownloadService - traceId= - [finance] 开始拉取上行同步数据: lastTime=2026-06-30 16:01:12
2026-06-30 16:02:12.019 [scheduling-1] INFO  c.p.c.s.BaseUpSyncDownloadService - traceId= - [finance] 开始拉取上行同步数据: lastTime=2026-06-30 16:01:42
2026-06-30 16:02:42.047 [scheduling-1] INFO  c.p.c.s.BaseUpSyncDownloadService - traceId= - [finance] 开始拉取上行同步数据: lastTime=2026-06-30 16:02:12
2026-06-30 16:03:12.072 [scheduling-1] INFO  c.p.c.s.BaseUpSyncDownloadService - traceId= - [finance] 开始拉取上行同步数据: lastTime=2026-06-30 16:02:42
2026-06-30 16:03:42.102 [scheduling-1] INFO  c.p.c.s.BaseUpSyncDownloadService - traceId= - [finance] 开始拉取上行同步数据: lastTime=2026-06-30 16:03:12
2026-06-30 16:04:12.129 [scheduling-1] INFO  c.p.c.s.BaseUpSyncDownloadService - traceId= - [finance] 开始拉取上行同步数据: lastTime=2026-06-30 16:03:42
2026-06-30 16:04:42.136 [scheduling-1] INFO  c.p.c.s.BaseUpSyncDownloadService - traceId= - [finance] 开始拉取上行同步数据: lastTime=2026-06-30 16:04:12
2026-06-30 16:05:12.156 [scheduling-1] INFO  c.p.c.s.BaseUpSyncDownloadService - traceId= - [finance] 开始拉取上行同步数据: lastTime=2026-06-30 16:04:42
2026-06-30 16:05:42.180 [scheduling-1] INFO  c.p.c.s.BaseUpSyncDownloadService - traceId= - [finance] 开始拉取上行同步数据: lastTime=2026-06-30 16:05:12
2026-06-30 16:06:12.205 [scheduling-1] INFO  c.p.c.s.BaseUpSyncDownloadService - traceId= - [finance] 开始拉取上行同步数据: lastTime=2026-06-30 16:05:42
2026-06-30 16:06:42.235 [scheduling-1] INFO  c.p.c.s.BaseUpSyncDownloadService - traceId= - [finance] 开始拉取上行同步数据: lastTime=2026-06-30 16:06:12
2026-06-30 16:07:12.255 [scheduling-1] INFO  c.p.c.s.BaseUpSyncDownloadService - traceId= - [finance] 开始拉取上行同步数据: lastTime=2026-06-30 16:06:42
2026-06-30 16:07:42.265 [scheduling-1] INFO  c.p.c.s.BaseUpSyncDownloadService - traceId= - [finance] 开始拉取上行同步数据: lastTime=2026-06-30 16:07:12
2026-06-30 16:08:12.274 [scheduling-1] INFO  c.p.c.s.BaseUpSyncDownloadService - traceId= - [finance] 开始拉取上行同步数据: lastTime=2026-06-30 16:07:42
2026-06-30 16:08:42.300 [scheduling-1] INFO  c.p.c.s.BaseUpSyncDownloadService - traceId= - [finance] 开始拉取上行同步数据: lastTime=2026-06-30 16:08:12
2026-06-30 16:09:12.315 [scheduling-1] INFO  c.p.c.s.BaseUpSyncDownloadService - traceId= - [finance] 开始拉取上行同步数据: lastTime=2026-06-30 16:08:42
2026-06-30 16:09:42.349 [scheduling-1] INFO  c.p.c.s.BaseUpSyncDownloadService - traceId= - [finance] 开始拉取上行同步数据: lastTime=2026-06-30 16:09:12
2026-06-30 16:10:12.366 [scheduling-1] INFO  c.p.c.s.BaseUpSyncDownloadService - traceId= - [finance] 开始拉取上行同步数据: lastTime=2026-06-30 16:09:42
2026-06-30 16:10:42.395 [scheduling-1] INFO  c.p.c.s.BaseUpSyncDownloadService - traceId= - [finance] 开始拉取上行同步数据: lastTime=2026-06-30 16:10:12
2026-06-30 16:11:12.408 [scheduling-1] INFO  c.p.c.s.BaseUpSyncDownloadService - traceId= - [finance] 开始拉取上行同步数据: lastTime=2026-06-30 16:10:42
2026-06-30 16:11:42.415 [scheduling-1] INFO  c.p.c.s.BaseUpSyncDownloadService - traceId= - [finance] 开始拉取上行同步数据: lastTime=2026-06-30 16:11:12
2026-06-30 16:12:12.437 [scheduling-1] INFO  c.p.c.s.BaseUpSyncDownloadService - traceId= - [finance] 开始拉取上行同步数据: lastTime=2026-06-30 16:11:42
2026-06-30 16:12:42.472 [scheduling-1] INFO  c.p.c.s.BaseUpSyncDownloadService - traceId= - [finance] 开始拉取上行同步数据: lastTime=2026-06-30 16:12:12
2026-06-30 16:13:12.490 [scheduling-1] INFO  c.p.c.s.BaseUpSyncDownloadService - traceId= - [finance] 开始拉取上行同步数据: lastTime=2026-06-30 16:12:42
2026-06-30 16:13:42.499 [scheduling-1] INFO  c.p.c.s.BaseUpSyncDownloadService - traceId= - [finance] 开始拉取上行同步数据: lastTime=2026-06-30 16:13:12
2026-06-30 16:14:12.519 [scheduling-1] INFO  c.p.c.s.BaseUpSyncDownloadService - traceId= - [finance] 开始拉取上行同步数据: lastTime=2026-06-30 16:13:42
2026-06-30 16:14:42.536 [scheduling-1] INFO  c.p.c.s.BaseUpSyncDownloadService - traceId= - [finance] 开始拉取上行同步数据: lastTime=2026-06-30 16:14:12
2026-06-30 16:15:12.555 [scheduling-1] INFO  c.p.c.s.BaseUpSyncDownloadService - traceId= - [finance] 开始拉取上行同步数据: lastTime=2026-06-30 16:14:42
2026-06-30 16:15:42.569 [scheduling-1] INFO  c.p.c.s.BaseUpSyncDownloadService - traceId= - [finance] 开始拉取上行同步数据: lastTime=2026-06-30 16:15:12
2026-06-30 16:16:12.581 [scheduling-1] INFO  c.p.c.s.BaseUpSyncDownloadService - traceId= - [finance] 开始拉取上行同步数据: lastTime=2026-06-30 16:15:42
2026-06-30 16:16:42.601 [scheduling-1] INFO  c.p.c.s.BaseUpSyncDownloadService - traceId= - [finance] 开始拉取上行同步数据: lastTime=2026-06-30 16:16:12
2026-06-30 16:17:12.612 [scheduling-1] INFO  c.p.c.s.BaseUpSyncDownloadService - traceId= - [finance] 开始拉取上行同步数据: lastTime=2026-06-30 16:16:42
2026-06-30 16:17:42.625 [scheduling-1] INFO  c.p.c.s.BaseUpSyncDownloadService - traceId= - [finance] 开始拉取上行同步数据: lastTime=2026-06-30 16:17:12
2026-06-30 16:18:12.652 [scheduling-1] INFO  c.p.c.s.BaseUpSyncDownloadService - traceId= - [finance] 开始拉取上行同步数据: lastTime=2026-06-30 16:17:42
2026-06-30 16:18:42.667 [scheduling-1] INFO  c.p.c.s.BaseUpSyncDownloadService - traceId= - [finance] 开始拉取上行同步数据: lastTime=2026-06-30 16:18:12
2026-06-30 16:19:12.696 [scheduling-1] INFO  c.p.c.s.BaseUpSyncDownloadService - traceId= - [finance] 开始拉取上行同步数据: lastTime=2026-06-30 16:18:42
2026-06-30 16:19:42.716 [scheduling-1] INFO  c.p.c.s.BaseUpSyncDownloadService - traceId= - [finance] 开始拉取上行同步数据: lastTime=2026-06-30 16:19:12
2026-06-30 16:20:12.740 [scheduling-1] INFO  c.p.c.s.BaseUpSyncDownloadService - traceId= - [finance] 开始拉取上行同步数据: lastTime=2026-06-30 16:19:42
2026-06-30 16:20:42.752 [scheduling-1] INFO  c.p.c.s.BaseUpSyncDownloadService - traceId= - [finance] 开始拉取上行同步数据: lastTime=2026-06-30 16:20:12
2026-06-30 16:21:12.764 [scheduling-1] INFO  c.p.c.s.BaseUpSyncDownloadService - traceId= - [finance] 开始拉取上行同步数据: lastTime=2026-06-30 16:20:42
2026-06-30 16:21:42.781 [scheduling-1] INFO  c.p.c.s.BaseUpSyncDownloadService - traceId= - [finance] 开始拉取上行同步数据: lastTime=2026-06-30 16:21:12
2026-06-30 16:22:12.799 [scheduling-1] INFO  c.p.c.s.BaseUpSyncDownloadService - traceId= - [finance] 开始拉取上行同步数据: lastTime=2026-06-30 16:21:42
2026-06-30 16:22:42.808 [scheduling-1] INFO  c.p.c.s.BaseUpSyncDownloadService - traceId= - [finance] 开始拉取上行同步数据: lastTime=2026-06-30 16:22:12
2026-06-30 16:23:12.825 [scheduling-1] INFO  c.p.c.s.BaseUpSyncDownloadService - traceId= - [finance] 开始拉取上行同步数据: lastTime=2026-06-30 16:22:42
2026-06-30 16:23:42.837 [scheduling-1] INFO  c.p.c.s.BaseUpSyncDownloadService - traceId= - [finance] 开始拉取上行同步数据: lastTime=2026-06-30 16:23:12
2026-06-30 16:24:12.854 [scheduling-1] INFO  c.p.c.s.BaseUpSyncDownloadService - traceId= - [finance] 开始拉取上行同步数据: lastTime=2026-06-30 16:23:42
2026-06-30 16:24:42.866 [scheduling-1] INFO  c.p.c.s.BaseUpSyncDownloadService - traceId= - [finance] 开始拉取上行同步数据: lastTime=2026-06-30 16:24:12
2026-06-30 16:25:12.893 [scheduling-1] INFO  c.p.c.s.BaseUpSyncDownloadService - traceId= - [finance] 开始拉取上行同步数据: lastTime=2026-06-30 16:24:42
2026-06-30 16:25:42.910 [scheduling-1] INFO  c.p.c.s.BaseUpSyncDownloadService - traceId= - [finance] 开始拉取上行同步数据: lastTime=2026-06-30 16:25:12
2026-06-30 16:26:12.935 [scheduling-1] INFO  c.p.c.s.BaseUpSyncDownloadService - traceId= - [finance] 开始拉取上行同步数据: lastTime=2026-06-30 16:25:42
2026-06-30 16:26:42.949 [scheduling-1] INFO  c.p.c.s.BaseUpSyncDownloadService - traceId= - [finance] 开始拉取上行同步数据: lastTime=2026-06-30 16:26:12
2026-06-30 16:27:12.974 [scheduling-1] INFO  c.p.c.s.BaseUpSyncDownloadService - traceId= - [finance] 开始拉取上行同步数据: lastTime=2026-06-30 16:26:42
2026-06-30 16:27:42.994 [scheduling-1] INFO  c.p.c.s.BaseUpSyncDownloadService - traceId= - [finance] 开始拉取上行同步数据: lastTime=2026-06-30 16:27:12
2026-06-30 16:28:13.009 [scheduling-1] INFO  c.p.c.s.BaseUpSyncDownloadService - traceId= - [finance] 开始拉取上行同步数据: lastTime=2026-06-30 16:27:43
2026-06-30 16:28:43.021 [scheduling-1] INFO  c.p.c.s.BaseUpSyncDownloadService - traceId= - [finance] 开始拉取上行同步数据: lastTime=2026-06-30 16:28:13
2026-06-30 16:29:13.039 [scheduling-1] INFO  c.p.c.s.BaseUpSyncDownloadService - traceId= - [finance] 开始拉取上行同步数据: lastTime=2026-06-30 16:28:43
2026-06-30 16:29:43.058 [scheduling-1] INFO  c.p.c.s.BaseUpSyncDownloadService - traceId= - [finance] 开始拉取上行同步数据: lastTime=2026-06-30 16:29:13
2026-06-30 16:30:13.075 [scheduling-1] INFO  c.p.c.s.BaseUpSyncDownloadService - traceId= - [finance] 开始拉取上行同步数据: lastTime=2026-06-30 16:29:43
2026-06-30 16:30:43.094 [scheduling-1] INFO  c.p.c.s.BaseUpSyncDownloadService - traceId= - [finance] 开始拉取上行同步数据: lastTime=2026-06-30 16:30:13
2026-06-30 16:31:13.105 [scheduling-1] INFO  c.p.c.s.BaseUpSyncDownloadService - traceId= - [finance] 开始拉取上行同步数据: lastTime=2026-06-30 16:30:43
2026-06-30 16:31:43.122 [scheduling-1] INFO  c.p.c.s.BaseUpSyncDownloadService - traceId= - [finance] 开始拉取上行同步数据: lastTime=2026-06-30 16:31:13
2026-06-30 16:32:13.138 [scheduling-1] INFO  c.p.c.s.BaseUpSyncDownloadService - traceId= - [finance] 开始拉取上行同步数据: lastTime=2026-06-30 16:31:43
2026-06-30 16:32:43.146 [scheduling-1] INFO  c.p.c.s.BaseUpSyncDownloadService - traceId= - [finance] 开始拉取上行同步数据: lastTime=2026-06-30 16:32:13
2026-06-30 16:33:13.162 [scheduling-1] INFO  c.p.c.s.BaseUpSyncDownloadService - traceId= - [finance] 开始拉取上行同步数据: lastTime=2026-06-30 16:32:43
2026-06-30 16:33:43.193 [scheduling-1] INFO  c.p.c.s.BaseUpSyncDownloadService - traceId= - [finance] 开始拉取上行同步数据: lastTime=2026-06-30 16:33:13
2026-06-30 16:34:13.210 [scheduling-1] INFO  c.p.c.s.BaseUpSyncDownloadService - traceId= - [finance] 开始拉取上行同步数据: lastTime=2026-06-30 16:33:43
2026-06-30 16:34:43.235 [scheduling-1] INFO  c.p.c.s.BaseUpSyncDownloadService - traceId= - [finance] 开始拉取上行同步数据: lastTime=2026-06-30 16:34:13
2026-06-30 16:35:13.257 [scheduling-1] INFO  c.p.c.s.BaseUpSyncDownloadService - traceId= - [finance] 开始拉取上行同步数据: lastTime=2026-06-30 16:34:43
2026-06-30 16:35:43.277 [scheduling-1] INFO  c.p.c.s.BaseUpSyncDownloadService - traceId= - [finance] 开始拉取上行同步数据: lastTime=2026-06-30 16:35:13
2026-06-30 16:36:13.299 [scheduling-1] INFO  c.p.c.s.BaseUpSyncDownloadService - traceId= - [finance] 开始拉取上行同步数据: lastTime=2026-06-30 16:35:43
2026-06-30 16:36:43.305 [scheduling-1] INFO  c.p.c.s.BaseUpSyncDownloadService - traceId= - [finance] 开始拉取上行同步数据: lastTime=2026-06-30 16:36:13
2026-06-30 16:37:13.318 [scheduling-1] INFO  c.p.c.s.BaseUpSyncDownloadService - traceId= - [finance] 开始拉取上行同步数据: lastTime=2026-06-30 16:36:43
2026-06-30 16:37:43.328 [scheduling-1] INFO  c.p.c.s.BaseUpSyncDownloadService - traceId= - [finance] 开始拉取上行同步数据: lastTime=2026-06-30 16:37:13
2026-06-30 16:38:13.347 [scheduling-1] INFO  c.p.c.s.BaseUpSyncDownloadService - traceId= - [finance] 开始拉取上行同步数据: lastTime=2026-06-30 16:37:43
2026-06-30 16:38:43.377 [scheduling-1] INFO  c.p.c.s.BaseUpSyncDownloadService - traceId= - [finance] 开始拉取上行同步数据: lastTime=2026-06-30 16:38:13
2026-06-30 16:39:13.390 [scheduling-1] INFO  c.p.c.s.BaseUpSyncDownloadService - traceId= - [finance] 开始拉取上行同步数据: lastTime=2026-06-30 16:38:43
2026-06-30 16:39:43.411 [scheduling-1] INFO  c.p.c.s.BaseUpSyncDownloadService - traceId= - [finance] 开始拉取上行同步数据: lastTime=2026-06-30 16:39:13
2026-06-30 16:40:13.434 [scheduling-1] INFO  c.p.c.s.BaseUpSyncDownloadService - traceId= - [finance] 开始拉取上行同步数据: lastTime=2026-06-30 16:39:43
2026-06-30 16:40:43.451 [scheduling-1] INFO  c.p.c.s.BaseUpSyncDownloadService - traceId= - [finance] 开始拉取上行同步数据: lastTime=2026-06-30 16:40:13
2026-06-30 16:41:13.471 [scheduling-1] INFO  c.p.c.s.BaseUpSyncDownloadService - traceId= - [finance] 开始拉取上行同步数据: lastTime=2026-06-30 16:40:43
2026-06-30 16:41:43.491 [scheduling-1] INFO  c.p.c.s.BaseUpSyncDownloadService - traceId= - [finance] 开始拉取上行同步数据: lastTime=2026-06-30 16:41:13
2026-06-30 16:42:13.510 [scheduling-1] INFO  c.p.c.s.BaseUpSyncDownloadService - traceId= - [finance] 开始拉取上行同步数据: lastTime=2026-06-30 16:41:43
2026-06-30 16:42:43.523 [scheduling-1] INFO  c.p.c.s.BaseUpSyncDownloadService - traceId= - [finance] 开始拉取上行同步数据: lastTime=2026-06-30 16:42:13
2026-06-30 16:43:13.535 [scheduling-1] INFO  c.p.c.s.BaseUpSyncDownloadService - traceId= - [finance] 开始拉取上行同步数据: lastTime=2026-06-30 16:42:43
2026-06-30 16:43:43.547 [scheduling-1] INFO  c.p.c.s.BaseUpSyncDownloadService - traceId= - [finance] 开始拉取上行同步数据: lastTime=2026-06-30 16:43:13
2026-06-30 16:44:13.562 [scheduling-1] INFO  c.p.c.s.BaseUpSyncDownloadService - traceId= - [finance] 开始拉取上行同步数据: lastTime=2026-06-30 16:43:43
2026-06-30 16:44:43.573 [scheduling-1] INFO  c.p.c.s.BaseUpSyncDownloadService - traceId= - [finance] 开始拉取上行同步数据: lastTime=2026-06-30 16:44:13
2026-06-30 16:45:13.591 [scheduling-1] INFO  c.p.c.s.BaseUpSyncDownloadService - traceId= - [finance] 开始拉取上行同步数据: lastTime=2026-06-30 16:44:43
2026-06-30 16:45:43.619 [scheduling-1] INFO  c.p.c.s.BaseUpSyncDownloadService - traceId= - [finance] 开始拉取上行同步数据: lastTime=2026-06-30 16:45:13
2026-06-30 16:46:13.653 [scheduling-1] INFO  c.p.c.s.BaseUpSyncDownloadService - traceId= - [finance] 开始拉取上行同步数据: lastTime=2026-06-30 16:45:43
2026-06-30 16:46:43.677 [scheduling-1] INFO  c.p.c.s.BaseUpSyncDownloadService - traceId= - [finance] 开始拉取上行同步数据: lastTime=2026-06-30 16:46:13
2026-06-30 16:47:13.693 [scheduling-1] INFO  c.p.c.s.BaseUpSyncDownloadService - traceId= - [finance] 开始拉取上行同步数据: lastTime=2026-06-30 16:46:43
2026-06-30 16:47:43.711 [scheduling-1] INFO  c.p.c.s.BaseUpSyncDownloadService - traceId= - [finance] 开始拉取上行同步数据: lastTime=2026-06-30 16:47:13
2026-06-30 16:48:13.739 [scheduling-1] INFO  c.p.c.s.BaseUpSyncDownloadService - traceId= - [finance] 开始拉取上行同步数据: lastTime=2026-06-30 16:47:43
2026-06-30 16:48:43.750 [scheduling-1] INFO  c.p.c.s.BaseUpSyncDownloadService - traceId= - [finance] 开始拉取上行同步数据: lastTime=2026-06-30 16:48:13
2026-06-30 16:49:13.778 [scheduling-1] INFO  c.p.c.s.BaseUpSyncDownloadService - traceId= - [finance] 开始拉取上行同步数据: lastTime=2026-06-30 16:48:43
2026-06-30 16:49:43.803 [scheduling-1] INFO  c.p.c.s.BaseUpSyncDownloadService - traceId= - [finance] 开始拉取上行同步数据: lastTime=2026-06-30 16:49:13
2026-06-30 16:50:13.816 [scheduling-1] INFO  c.p.c.s.BaseUpSyncDownloadService - traceId= - [finance] 开始拉取上行同步数据: lastTime=2026-06-30 16:49:43
2026-06-30 16:50:43.832 [scheduling-1] INFO  c.p.c.s.BaseUpSyncDownloadService - traceId= - [finance] 开始拉取上行同步数据: lastTime=2026-06-30 16:50:13
2026-06-30 16:51:13.845 [scheduling-1] INFO  c.p.c.s.BaseUpSyncDownloadService - traceId= - [finance] 开始拉取上行同步数据: lastTime=2026-06-30 16:50:43
2026-06-30 16:51:43.856 [scheduling-1] INFO  c.p.c.s.BaseUpSyncDownloadService - traceId= - [finance] 开始拉取上行同步数据: lastTime=2026-06-30 16:51:13
2026-06-30 16:52:13.880 [scheduling-1] INFO  c.p.c.s.BaseUpSyncDownloadService - traceId= - [finance] 开始拉取上行同步数据: lastTime=2026-06-30 16:51:43
2026-06-30 17:03:05.626 [HikariPool-1 housekeeper] WARN  com.zaxxer.hikari.pool.HikariPool - traceId= - HikariPool-1 - Thread starvation or clock leap detected (housekeeper delta=10m57s455ms321µs400ns).
2026-06-30 17:03:11.336 [scheduling-1] INFO  c.p.c.s.BaseUpSyncDownloadService - traceId= - [finance] 开始拉取上行同步数据: lastTime=2026-06-30 16:52:13
2026-06-30 17:03:41.354 [scheduling-1] INFO  c.p.c.s.BaseUpSyncDownloadService - traceId= - [finance] 开始拉取上行同步数据: lastTime=2026-06-30 17:03:11
2026-06-30 17:04:11.375 [scheduling-1] INFO  c.p.c.s.BaseUpSyncDownloadService - traceId= - [finance] 开始拉取上行同步数据: lastTime=2026-06-30 17:03:41
2026-06-30 17:04:41.391 [scheduling-1] INFO  c.p.c.s.BaseUpSyncDownloadService - traceId= - [finance] 开始拉取上行同步数据: lastTime=2026-06-30 17:04:11
2026-06-30 17:05:11.418 [scheduling-1] INFO  c.p.c.s.BaseUpSyncDownloadService - traceId= - [finance] 开始拉取上行同步数据: lastTime=2026-06-30 17:04:41
2026-06-30 17:05:41.441 [scheduling-1] INFO  c.p.c.s.BaseUpSyncDownloadService - traceId= - [finance] 开始拉取上行同步数据: lastTime=2026-06-30 17:05:11
2026-06-30 17:06:11.454 [scheduling-1] INFO  c.p.c.s.BaseUpSyncDownloadService - traceId= - [finance] 开始拉取上行同步数据: lastTime=2026-06-30 17:05:41
2026-06-30 17:06:41.482 [scheduling-1] INFO  c.p.c.s.BaseUpSyncDownloadService - traceId= - [finance] 开始拉取上行同步数据: lastTime=2026-06-30 17:06:11
2026-06-30 17:07:11.501 [scheduling-1] INFO  c.p.c.s.BaseUpSyncDownloadService - traceId= - [finance] 开始拉取上行同步数据: lastTime=2026-06-30 17:06:41
2026-06-30 17:07:41.527 [scheduling-1] INFO  c.p.c.s.BaseUpSyncDownloadService - traceId= - [finance] 开始拉取上行同步数据: lastTime=2026-06-30 17:07:11
2026-06-30 17:08:11.542 [scheduling-1] INFO  c.p.c.s.BaseUpSyncDownloadService - traceId= - [finance] 开始拉取上行同步数据: lastTime=2026-06-30 17:07:41
2026-06-30 17:08:41.568 [scheduling-1] INFO  c.p.c.s.BaseUpSyncDownloadService - traceId= - [finance] 开始拉取上行同步数据: lastTime=2026-06-30 17:08:11
2026-06-30 17:09:11.602 [scheduling-1] INFO  c.p.c.s.BaseUpSyncDownloadService - traceId= - [finance] 开始拉取上行同步数据: lastTime=2026-06-30 17:08:41
2026-06-30 17:09:41.612 [scheduling-1] INFO  c.p.c.s.BaseUpSyncDownloadService - traceId= - [finance] 开始拉取上行同步数据: lastTime=2026-06-30 17:09:11
2026-06-30 17:10:11.621 [scheduling-1] INFO  c.p.c.s.BaseUpSyncDownloadService - traceId= - [finance] 开始拉取上行同步数据: lastTime=2026-06-30 17:09:41
2026-06-30 17:10:41.632 [scheduling-1] INFO  c.p.c.s.BaseUpSyncDownloadService - traceId= - [finance] 开始拉取上行同步数据: lastTime=2026-06-30 17:10:11
2026-06-30 17:11:11.649 [scheduling-1] INFO  c.p.c.s.BaseUpSyncDownloadService - traceId= - [finance] 开始拉取上行同步数据: lastTime=2026-06-30 17:10:41
2026-06-30 17:11:41.680 [scheduling-1] INFO  c.p.c.s.BaseUpSyncDownloadService - traceId= - [finance] 开始拉取上行同步数据: lastTime=2026-06-30 17:11:11
2026-06-30 17:12:11.702 [scheduling-1] INFO  c.p.c.s.BaseUpSyncDownloadService - traceId= - [finance] 开始拉取上行同步数据: lastTime=2026-06-30 17:11:41
2026-06-30 17:12:41.718 [scheduling-1] INFO  c.p.c.s.BaseUpSyncDownloadService - traceId= - [finance] 开始拉取上行同步数据: lastTime=2026-06-30 17:12:11
2026-06-30 17:13:11.733 [scheduling-1] INFO  c.p.c.s.BaseUpSyncDownloadService - traceId= - [finance] 开始拉取上行同步数据: lastTime=2026-06-30 17:12:41
2026-06-30 17:13:41.752 [scheduling-1] INFO  c.p.c.s.BaseUpSyncDownloadService - traceId= - [finance] 开始拉取上行同步数据: lastTime=2026-06-30 17:13:11
2026-06-30 17:14:11.772 [scheduling-1] INFO  c.p.c.s.BaseUpSyncDownloadService - traceId= - [finance] 开始拉取上行同步数据: lastTime=2026-06-30 17:13:41
2026-06-30 17:14:41.791 [scheduling-1] INFO  c.p.c.s.BaseUpSyncDownloadService - traceId= - [finance] 开始拉取上行同步数据: lastTime=2026-06-30 17:14:11
2026-06-30 17:15:11.812 [scheduling-1] INFO  c.p.c.s.BaseUpSyncDownloadService - traceId= - [finance] 开始拉取上行同步数据: lastTime=2026-06-30 17:14:41
2026-06-30 17:15:41.835 [scheduling-1] INFO  c.p.c.s.BaseUpSyncDownloadService - traceId= - [finance] 开始拉取上行同步数据: lastTime=2026-06-30 17:15:11
2026-06-30 17:16:11.845 [scheduling-1] INFO  c.p.c.s.BaseUpSyncDownloadService - traceId= - [finance] 开始拉取上行同步数据: lastTime=2026-06-30 17:15:41
2026-06-30 17:16:41.871 [scheduling-1] INFO  c.p.c.s.BaseUpSyncDownloadService - traceId= - [finance] 开始拉取上行同步数据: lastTime=2026-06-30 17:16:11
2026-06-30 17:17:11.894 [scheduling-1] INFO  c.p.c.s.BaseUpSyncDownloadService - traceId= - [finance] 开始拉取上行同步数据: lastTime=2026-06-30 17:16:41
2026-06-30 17:17:41.915 [scheduling-1] INFO  c.p.c.s.BaseUpSyncDownloadService - traceId= - [finance] 开始拉取上行同步数据: lastTime=2026-06-30 17:17:11
2026-06-30 17:18:11.926 [scheduling-1] INFO  c.p.c.s.BaseUpSyncDownloadService - traceId= - [finance] 开始拉取上行同步数据: lastTime=2026-06-30 17:17:41
2026-06-30 17:18:41.951 [scheduling-1] INFO  c.p.c.s.BaseUpSyncDownloadService - traceId= - [finance] 开始拉取上行同步数据: lastTime=2026-06-30 17:18:11
2026-06-30 17:19:11.977 [scheduling-1] INFO  c.p.c.s.BaseUpSyncDownloadService - traceId= - [finance] 开始拉取上行同步数据: lastTime=2026-06-30 17:18:41
2026-06-30 21:56:36.844 [HikariPool-1 housekeeper] WARN  com.zaxxer.hikari.pool.HikariPool - traceId= - HikariPool-1 - Thread starvation or clock leap detected (housekeeper delta=4h37m36s333ms525µs900ns).
2026-06-30 21:56:42.968 [scheduling-1] INFO  c.p.c.s.BaseUpSyncDownloadService - traceId= - [finance] 开始拉取上行同步数据: lastTime=2026-06-30 17:19:11
2026-06-30 21:57:12.987 [scheduling-1] INFO  c.p.c.s.BaseUpSyncDownloadService - traceId= - [finance] 开始拉取上行同步数据: lastTime=2026-06-30 21:56:42
2026-06-30 21:57:43.000 [scheduling-1] INFO  c.p.c.s.BaseUpSyncDownloadService - traceId= - [finance] 开始拉取上行同步数据: lastTime=2026-06-30 21:57:12
2026-06-30 21:58:13.023 [scheduling-1] INFO  c.p.c.s.BaseUpSyncDownloadService - traceId= - [finance] 开始拉取上行同步数据: lastTime=2026-06-30 21:57:43
2026-06-30 21:58:43.044 [scheduling-1] INFO  c.p.c.s.BaseUpSyncDownloadService - traceId= - [finance] 开始拉取上行同步数据: lastTime=2026-06-30 21:58:13
2026-06-30 21:59:13.056 [scheduling-1] INFO  c.p.c.s.BaseUpSyncDownloadService - traceId= - [finance] 开始拉取上行同步数据: lastTime=2026-06-30 21:58:43
2026-06-30 21:59:43.072 [scheduling-1] INFO  c.p.c.s.BaseUpSyncDownloadService - traceId= - [finance] 开始拉取上行同步数据: lastTime=2026-06-30 21:59:13
2026-06-30 22:00:13.080 [scheduling-1] INFO  c.p.c.s.BaseUpSyncDownloadService - traceId= - [finance] 开始拉取上行同步数据: lastTime=2026-06-30 21:59:43
2026-06-30 22:00:43.100 [scheduling-1] INFO  c.p.c.s.BaseUpSyncDownloadService - traceId= - [finance] 开始拉取上行同步数据: lastTime=2026-06-30 22:00:13
2026-06-30 22:01:13.117 [scheduling-1] INFO  c.p.c.s.BaseUpSyncDownloadService - traceId= - [finance] 开始拉取上行同步数据: lastTime=2026-06-30 22:00:43
2026-06-30 22:01:43.143 [scheduling-1] INFO  c.p.c.s.BaseUpSyncDownloadService - traceId= - [finance] 开始拉取上行同步数据: lastTime=2026-06-30 22:01:13
2026-06-30 22:02:13.156 [scheduling-1] INFO  c.p.c.s.BaseUpSyncDownloadService - traceId= - [finance] 开始拉取上行同步数据: lastTime=2026-06-30 22:01:43
2026-06-30 22:02:43.181 [scheduling-1] INFO  c.p.c.s.BaseUpSyncDownloadService - traceId= - [finance] 开始拉取上行同步数据: lastTime=2026-06-30 22:02:13
2026-06-30 22:03:13.197 [scheduling-1] INFO  c.p.c.s.BaseUpSyncDownloadService - traceId= - [finance] 开始拉取上行同步数据: lastTime=2026-06-30 22:02:43
2026-06-30 22:03:43.222 [scheduling-1] INFO  c.p.c.s.BaseUpSyncDownloadService - traceId= - [finance] 开始拉取上行同步数据: lastTime=2026-06-30 22:03:13
2026-06-30 22:04:13.243 [scheduling-1] INFO  c.p.c.s.BaseUpSyncDownloadService - traceId= - [finance] 开始拉取上行同步数据: lastTime=2026-06-30 22:03:43
2026-06-30 22:04:43.258 [scheduling-1] INFO  c.p.c.s.BaseUpSyncDownloadService - traceId= - [finance] 开始拉取上行同步数据: lastTime=2026-06-30 22:04:13
2026-06-30 22:05:13.274 [scheduling-1] INFO  c.p.c.s.BaseUpSyncDownloadService - traceId= - [finance] 开始拉取上行同步数据: lastTime=2026-06-30 22:04:43
2026-06-30 22:05:43.290 [scheduling-1] INFO  c.p.c.s.BaseUpSyncDownloadService - traceId= - [finance] 开始拉取上行同步数据: lastTime=2026-06-30 22:05:13
2026-06-30 22:06:13.301 [scheduling-1] INFO  c.p.c.s.BaseUpSyncDownloadService - traceId= - [finance] 开始拉取上行同步数据: lastTime=2026-06-30 22:05:43
2026-06-30 22:06:43.307 [scheduling-1] INFO  c.p.c.s.BaseUpSyncDownloadService - traceId= - [finance] 开始拉取上行同步数据: lastTime=2026-06-30 22:06:13
2026-06-30 22:07:13.323 [scheduling-1] INFO  c.p.c.s.BaseUpSyncDownloadService - traceId= - [finance] 开始拉取上行同步数据: lastTime=2026-06-30 22:06:43
2026-06-30 22:07:43.330 [scheduling-1] INFO  c.p.c.s.BaseUpSyncDownloadService - traceId= - [finance] 开始拉取上行同步数据: lastTime=2026-06-30 22:07:13
2026-06-30 22:08:13.337 [scheduling-1] INFO  c.p.c.s.BaseUpSyncDownloadService - traceId= - [finance] 开始拉取上行同步数据: lastTime=2026-06-30 22:07:43
2026-06-30 22:08:43.344 [scheduling-1] INFO  c.p.c.s.BaseUpSyncDownloadService - traceId= - [finance] 开始拉取上行同步数据: lastTime=2026-06-30 22:08:13
2026-06-30 22:09:13.351 [scheduling-1] INFO  c.p.c.s.BaseUpSyncDownloadService - traceId= - [finance] 开始拉取上行同步数据: lastTime=2026-06-30 22:08:43
2026-06-30 22:09:43.367 [scheduling-1] INFO  c.p.c.s.BaseUpSyncDownloadService - traceId= - [finance] 开始拉取上行同步数据: lastTime=2026-06-30 22:09:13
2026-06-30 22:10:13.379 [scheduling-1] INFO  c.p.c.s.BaseUpSyncDownloadService - traceId= - [finance] 开始拉取上行同步数据: lastTime=2026-06-30 22:09:43
2026-06-30 22:10:43.385 [scheduling-1] INFO  c.p.c.s.BaseUpSyncDownloadService - traceId= - [finance] 开始拉取上行同步数据: lastTime=2026-06-30 22:10:13
2026-06-30 22:11:13.403 [scheduling-1] INFO  c.p.c.s.BaseUpSyncDownloadService - traceId= - [finance] 开始拉取上行同步数据: lastTime=2026-06-30 22:10:43
2026-06-30 22:11:43.421 [scheduling-1] INFO  c.p.c.s.BaseUpSyncDownloadService - traceId= - [finance] 开始拉取上行同步数据: lastTime=2026-06-30 22:11:13
2026-06-30 22:12:13.430 [scheduling-1] INFO  c.p.c.s.BaseUpSyncDownloadService - traceId= - [finance] 开始拉取上行同步数据: lastTime=2026-06-30 22:11:43
2026-06-30 22:12:43.442 [scheduling-1] INFO  c.p.c.s.BaseUpSyncDownloadService - traceId= - [finance] 开始拉取上行同步数据: lastTime=2026-06-30 22:12:13
2026-06-30 22:13:13.464 [scheduling-1] INFO  c.p.c.s.BaseUpSyncDownloadService - traceId= - [finance] 开始拉取上行同步数据: lastTime=2026-06-30 22:12:43
2026-06-30 22:13:43.490 [scheduling-1] INFO  c.p.c.s.BaseUpSyncDownloadService - traceId= - [finance] 开始拉取上行同步数据: lastTime=2026-06-30 22:13:13
2026-07-01 01:14:12.217 [scheduling-1] INFO  c.p.c.s.BaseUpSyncDownloadService - traceId= - [finance] 开始拉取上行同步数据: lastTime=2026-06-30 22:13:43
2026-07-01 02:17:59.481 [HikariPool-1 housekeeper] WARN  com.zaxxer.hikari.pool.HikariPool - traceId= - HikariPool-1 - Thread starvation or clock leap detected (housekeeper delta=4h3m57s803ms587µs200ns).
2026-07-01 02:18:05.841 [scheduling-1] INFO  c.p.c.s.BaseUpSyncDownloadService - traceId= - [finance] 开始拉取上行同步数据: lastTime=2026-07-01 01:14:12
2026-07-01 02:18:35.849 [scheduling-1] INFO  c.p.c.s.BaseUpSyncDownloadService - traceId= - [finance] 开始拉取上行同步数据: lastTime=2026-07-01 02:18:05
2026-07-01 02:19:05.858 [scheduling-1] INFO  c.p.c.s.BaseUpSyncDownloadService - traceId= - [finance] 开始拉取上行同步数据: lastTime=2026-07-01 02:18:35
2026-07-01 02:19:35.870 [scheduling-1] INFO  c.p.c.s.BaseUpSyncDownloadService - traceId= - [finance] 开始拉取上行同步数据: lastTime=2026-07-01 02:19:05
2026-07-01 02:20:05.880 [scheduling-1] INFO  c.p.c.s.BaseUpSyncDownloadService - traceId= - [finance] 开始拉取上行同步数据: lastTime=2026-07-01 02:19:35
2026-07-01 02:20:35.887 [scheduling-1] INFO  c.p.c.s.BaseUpSyncDownloadService - traceId= - [finance] 开始拉取上行同步数据: lastTime=2026-07-01 02:20:05
2026-07-01 02:21:05.900 [scheduling-1] INFO  c.p.c.s.BaseUpSyncDownloadService - traceId= - [finance] 开始拉取上行同步数据: lastTime=2026-07-01 02:20:35
2026-07-01 02:21:35.915 [scheduling-1] INFO  c.p.c.s.BaseUpSyncDownloadService - traceId= - [finance] 开始拉取上行同步数据: lastTime=2026-07-01 02:21:05
2026-07-01 08:28:40.603 [HikariPool-1 housekeeper] WARN  com.zaxxer.hikari.pool.HikariPool - traceId= - HikariPool-1 - Thread starvation or clock leap detected (housekeeper delta=6h7m16s366ms160µs).
2026-07-01 08:28:46.861 [scheduling-1] INFO  c.p.c.s.BaseUpSyncDownloadService - traceId= - [finance] 开始拉取上行同步数据: lastTime=2026-07-01 02:21:35
2026-07-01 08:29:16.876 [scheduling-1] INFO  c.p.c.s.BaseUpSyncDownloadService - traceId= - [finance] 开始拉取上行同步数据: lastTime=2026-07-01 08:28:46
2026-07-01 08:29:46.897 [scheduling-1] INFO  c.p.c.s.BaseUpSyncDownloadService - traceId= - [finance] 开始拉取上行同步数据: lastTime=2026-07-01 08:29:16
2026-07-01 08:30:16.909 [scheduling-1] INFO  c.p.c.s.BaseUpSyncDownloadService - traceId= - [finance] 开始拉取上行同步数据: lastTime=2026-07-01 08:29:46
2026-07-01 08:30:46.926 [scheduling-1] INFO  c.p.c.s.BaseUpSyncDownloadService - traceId= - [finance] 开始拉取上行同步数据: lastTime=2026-07-01 08:30:16
2026-07-01 08:31:16.948 [scheduling-1] INFO  c.p.c.s.BaseUpSyncDownloadService - traceId= - [finance] 开始拉取上行同步数据: lastTime=2026-07-01 08:30:46
2026-07-01 08:31:46.958 [scheduling-1] INFO  c.p.c.s.BaseUpSyncDownloadService - traceId= - [finance] 开始拉取上行同步数据: lastTime=2026-07-01 08:31:16
2026-07-01 08:32:16.976 [scheduling-1] INFO  c.p.c.s.BaseUpSyncDownloadService - traceId= - [finance] 开始拉取上行同步数据: lastTime=2026-07-01 08:31:46
2026-07-01 08:32:46.988 [scheduling-1] INFO  c.p.c.s.BaseUpSyncDownloadService - traceId= - [finance] 开始拉取上行同步数据: lastTime=2026-07-01 08:32:16
2026-07-01 08:33:17.004 [scheduling-1] INFO  c.p.c.s.BaseUpSyncDownloadService - traceId= - [finance] 开始拉取上行同步数据: lastTime=2026-07-01 08:32:46
2026-07-01 08:33:47.017 [scheduling-1] INFO  c.p.c.s.BaseUpSyncDownloadService - traceId= - [finance] 开始拉取上行同步数据: lastTime=2026-07-01 08:33:17
2026-07-01 08:34:17.036 [scheduling-1] INFO  c.p.c.s.BaseUpSyncDownloadService - traceId= - [finance] 开始拉取上行同步数据: lastTime=2026-07-01 08:33:47
2026-07-01 08:34:47.057 [scheduling-1] INFO  c.p.c.s.BaseUpSyncDownloadService - traceId= - [finance] 开始拉取上行同步数据: lastTime=2026-07-01 08:34:17
2026-07-01 08:35:17.072 [scheduling-1] INFO  c.p.c.s.BaseUpSyncDownloadService - traceId= - [finance] 开始拉取上行同步数据: lastTime=2026-07-01 08:34:47
2026-07-01 08:35:47.080 [scheduling-1] INFO  c.p.c.s.BaseUpSyncDownloadService - traceId= - [finance] 开始拉取上行同步数据: lastTime=2026-07-01 08:35:17
2026-07-01 08:36:17.106 [scheduling-1] INFO  c.p.c.s.BaseUpSyncDownloadService - traceId= - [finance] 开始拉取上行同步数据: lastTime=2026-07-01 08:35:47
2026-07-01 08:36:47.116 [scheduling-1] INFO  c.p.c.s.BaseUpSyncDownloadService - traceId= - [finance] 开始拉取上行同步数据: lastTime=2026-07-01 08:36:17
2026-07-01 08:37:17.134 [scheduling-1] INFO  c.p.c.s.BaseUpSyncDownloadService - traceId= - [finance] 开始拉取上行同步数据: lastTime=2026-07-01 08:36:47
2026-07-01 08:37:47.145 [scheduling-1] INFO  c.p.c.s.BaseUpSyncDownloadService - traceId= - [finance] 开始拉取上行同步数据: lastTime=2026-07-01 08:37:17
2026-07-01 08:38:17.166 [scheduling-1] INFO  c.p.c.s.BaseUpSyncDownloadService - traceId= - [finance] 开始拉取上行同步数据: lastTime=2026-07-01 08:37:47
2026-07-01 08:38:47.181 [scheduling-1] INFO  c.p.c.s.BaseUpSyncDownloadService - traceId= - [finance] 开始拉取上行同步数据: lastTime=2026-07-01 08:38:17
2026-07-01 08:39:17.205 [scheduling-1] INFO  c.p.c.s.BaseUpSyncDownloadService - traceId= - [finance] 开始拉取上行同步数据: lastTime=2026-07-01 08:38:47
2026-07-01 08:39:47.228 [scheduling-1] INFO  c.p.c.s.BaseUpSyncDownloadService - traceId= - [finance] 开始拉取上行同步数据: lastTime=2026-07-01 08:39:17
2026-07-01 08:40:17.252 [scheduling-1] INFO  c.p.c.s.BaseUpSyncDownloadService - traceId= - [finance] 开始拉取上行同步数据: lastTime=2026-07-01 08:39:47
2026-07-01 08:40:47.269 [scheduling-1] INFO  c.p.c.s.BaseUpSyncDownloadService - traceId= - [finance] 开始拉取上行同步数据: lastTime=2026-07-01 08:40:17
2026-07-01 08:41:17.278 [scheduling-1] INFO  c.p.c.s.BaseUpSyncDownloadService - traceId= - [finance] 开始拉取上行同步数据: lastTime=2026-07-01 08:40:47
2026-07-01 08:41:47.298 [scheduling-1] INFO  c.p.c.s.BaseUpSyncDownloadService - traceId= - [finance] 开始拉取上行同步数据: lastTime=2026-07-01 08:41:17
2026-07-01 08:42:17.318 [scheduling-1] INFO  c.p.c.s.BaseUpSyncDownloadService - traceId= - [finance] 开始拉取上行同步数据: lastTime=2026-07-01 08:41:47
2026-07-01 08:42:47.329 [scheduling-1] INFO  c.p.c.s.BaseUpSyncDownloadService - traceId= - [finance] 开始拉取上行同步数据: lastTime=2026-07-01 08:42:17
2026-07-01 08:43:17.347 [scheduling-1] INFO  c.p.c.s.BaseUpSyncDownloadService - traceId= - [finance] 开始拉取上行同步数据: lastTime=2026-07-01 08:42:47
2026-07-01 08:43:47.362 [scheduling-1] INFO  c.p.c.s.BaseUpSyncDownloadService - traceId= - [finance] 开始拉取上行同步数据: lastTime=2026-07-01 08:43:17
2026-07-01 08:44:17.376 [scheduling-1] INFO  c.p.c.s.BaseUpSyncDownloadService - traceId= - [finance] 开始拉取上行同步数据: lastTime=2026-07-01 08:43:47
2026-07-01 08:44:47.393 [scheduling-1] INFO  c.p.c.s.BaseUpSyncDownloadService - traceId= - [finance] 开始拉取上行同步数据: lastTime=2026-07-01 08:44:17
2026-07-01 08:45:17.411 [scheduling-1] INFO  c.p.c.s.BaseUpSyncDownloadService - traceId= - [finance] 开始拉取上行同步数据: lastTime=2026-07-01 08:44:47
2026-07-01 08:45:47.423 [scheduling-1] INFO  c.p.c.s.BaseUpSyncDownloadService - traceId= - [finance] 开始拉取上行同步数据: lastTime=2026-07-01 08:45:17
2026-07-01 08:46:17.445 [scheduling-1] INFO  c.p.c.s.BaseUpSyncDownloadService - traceId= - [finance] 开始拉取上行同步数据: lastTime=2026-07-01 08:45:47
2026-07-01 08:46:47.459 [scheduling-1] INFO  c.p.c.s.BaseUpSyncDownloadService - traceId= - [finance] 开始拉取上行同步数据: lastTime=2026-07-01 08:46:17
2026-07-01 08:47:17.489 [scheduling-1] INFO  c.p.c.s.BaseUpSyncDownloadService - traceId= - [finance] 开始拉取上行同步数据: lastTime=2026-07-01 08:46:47
2026-07-01 08:47:47.515 [scheduling-1] INFO  c.p.c.s.BaseUpSyncDownloadService - traceId= - [finance] 开始拉取上行同步数据: lastTime=2026-07-01 08:47:17
2026-07-01 08:48:17.542 [scheduling-1] INFO  c.p.c.s.BaseUpSyncDownloadService - traceId= - [finance] 开始拉取上行同步数据: lastTime=2026-07-01 08:47:47
2026-07-01 08:48:47.551 [scheduling-1] INFO  c.p.c.s.BaseUpSyncDownloadService - traceId= - [finance] 开始拉取上行同步数据: lastTime=2026-07-01 08:48:17
2026-07-01 08:49:17.559 [scheduling-1] INFO  c.p.c.s.BaseUpSyncDownloadService - traceId= - [finance] 开始拉取上行同步数据: lastTime=2026-07-01 08:48:47
2026-07-01 08:49:47.579 [scheduling-1] INFO  c.p.c.s.BaseUpSyncDownloadService - traceId= - [finance] 开始拉取上行同步数据: lastTime=2026-07-01 08:49:17
2026-07-01 08:50:17.590 [scheduling-1] INFO  c.p.c.s.BaseUpSyncDownloadService - traceId= - [finance] 开始拉取上行同步数据: lastTime=2026-07-01 08:49:47
2026-07-01 08:50:47.599 [scheduling-1] INFO  c.p.c.s.BaseUpSyncDownloadService - traceId= - [finance] 开始拉取上行同步数据: lastTime=2026-07-01 08:50:17
2026-07-01 08:51:17.617 [scheduling-1] INFO  c.p.c.s.BaseUpSyncDownloadService - traceId= - [finance] 开始拉取上行同步数据: lastTime=2026-07-01 08:50:47
2026-07-01 08:51:47.637 [scheduling-1] INFO  c.p.c.s.BaseUpSyncDownloadService - traceId= - [finance] 开始拉取上行同步数据: lastTime=2026-07-01 08:51:17
2026-07-01 08:52:17.662 [scheduling-1] INFO  c.p.c.s.BaseUpSyncDownloadService - traceId= - [finance] 开始拉取上行同步数据: lastTime=2026-07-01 08:51:47
2026-07-01 08:52:47.687 [scheduling-1] INFO  c.p.c.s.BaseUpSyncDownloadService - traceId= - [finance] 开始拉取上行同步数据: lastTime=2026-07-01 08:52:17
2026-07-01 08:53:17.702 [scheduling-1] INFO  c.p.c.s.BaseUpSyncDownloadService - traceId= - [finance] 开始拉取上行同步数据: lastTime=2026-07-01 08:52:47
2026-07-01 08:53:47.724 [scheduling-1] INFO  c.p.c.s.BaseUpSyncDownloadService - traceId= - [finance] 开始拉取上行同步数据: lastTime=2026-07-01 08:53:17
2026-07-01 08:54:17.744 [scheduling-1] INFO  c.p.c.s.BaseUpSyncDownloadService - traceId= - [finance] 开始拉取上行同步数据: lastTime=2026-07-01 08:53:47
2026-07-01 08:54:47.755 [scheduling-1] INFO  c.p.c.s.BaseUpSyncDownloadService - traceId= - [finance] 开始拉取上行同步数据: lastTime=2026-07-01 08:54:17
2026-07-01 08:55:17.774 [scheduling-1] INFO  c.p.c.s.BaseUpSyncDownloadService - traceId= - [finance] 开始拉取上行同步数据: lastTime=2026-07-01 08:54:47
2026-07-01 08:55:47.800 [scheduling-1] INFO  c.p.c.s.BaseUpSyncDownloadService - traceId= - [finance] 开始拉取上行同步数据: lastTime=2026-07-01 08:55:17
2026-07-01 08:56:17.827 [scheduling-1] INFO  c.p.c.s.BaseUpSyncDownloadService - traceId= - [finance] 开始拉取上行同步数据: lastTime=2026-07-01 08:55:47
2026-07-01 08:56:47.854 [scheduling-1] INFO  c.p.c.s.BaseUpSyncDownloadService - traceId= - [finance] 开始拉取上行同步数据: lastTime=2026-07-01 08:56:17
2026-07-01 08:57:17.868 [scheduling-1] INFO  c.p.c.s.BaseUpSyncDownloadService - traceId= - [finance] 开始拉取上行同步数据: lastTime=2026-07-01 08:56:47
2026-07-01 08:57:47.883 [scheduling-1] INFO  c.p.c.s.BaseUpSyncDownloadService - traceId= - [finance] 开始拉取上行同步数据: lastTime=2026-07-01 08:57:17
2026-07-01 08:58:17.912 [scheduling-1] INFO  c.p.c.s.BaseUpSyncDownloadService - traceId= - [finance] 开始拉取上行同步数据: lastTime=2026-07-01 08:57:47
2026-07-01 08:58:47.926 [scheduling-1] INFO  c.p.c.s.BaseUpSyncDownloadService - traceId= - [finance] 开始拉取上行同步数据: lastTime=2026-07-01 08:58:17
2026-07-01 08:59:17.952 [scheduling-1] INFO  c.p.c.s.BaseUpSyncDownloadService - traceId= - [finance] 开始拉取上行同步数据: lastTime=2026-07-01 08:58:47
2026-07-01 08:59:47.965 [scheduling-1] INFO  c.p.c.s.BaseUpSyncDownloadService - traceId= - [finance] 开始拉取上行同步数据: lastTime=2026-07-01 08:59:17
2026-07-01 09:00:17.988 [scheduling-1] INFO  c.p.c.s.BaseUpSyncDownloadService - traceId= - [finance] 开始拉取上行同步数据: lastTime=2026-07-01 08:59:47
2026-07-01 09:00:47.995 [scheduling-1] INFO  c.p.c.s.BaseUpSyncDownloadService - traceId= - [finance] 开始拉取上行同步数据: lastTime=2026-07-01 09:00:17
2026-07-01 09:01:18.010 [scheduling-1] INFO  c.p.c.s.BaseUpSyncDownloadService - traceId= - [finance] 开始拉取上行同步数据: lastTime=2026-07-01 09:00:48
2026-07-01 09:01:48.026 [scheduling-1] INFO  c.p.c.s.BaseUpSyncDownloadService - traceId= - [finance] 开始拉取上行同步数据: lastTime=2026-07-01 09:01:18
2026-07-01 09:02:18.044 [scheduling-1] INFO  c.p.c.s.BaseUpSyncDownloadService - traceId= - [finance] 开始拉取上行同步数据: lastTime=2026-07-01 09:01:48
2026-07-01 09:02:48.057 [scheduling-1] INFO  c.p.c.s.BaseUpSyncDownloadService - traceId= - [finance] 开始拉取上行同步数据: lastTime=2026-07-01 09:02:18
2026-07-01 09:03:18.068 [scheduling-1] INFO  c.p.c.s.BaseUpSyncDownloadService - traceId= - [finance] 开始拉取上行同步数据: lastTime=2026-07-01 09:02:48
2026-07-01 09:03:48.084 [scheduling-1] INFO  c.p.c.s.BaseUpSyncDownloadService - traceId= - [finance] 开始拉取上行同步数据: lastTime=2026-07-01 09:03:18
2026-07-01 09:04:18.106 [scheduling-1] INFO  c.p.c.s.BaseUpSyncDownloadService - traceId= - [finance] 开始拉取上行同步数据: lastTime=2026-07-01 09:03:48
2026-07-01 09:04:48.126 [scheduling-1] INFO  c.p.c.s.BaseUpSyncDownloadService - traceId= - [finance] 开始拉取上行同步数据: lastTime=2026-07-01 09:04:18
2026-07-01 09:05:18.133 [scheduling-1] INFO  c.p.c.s.BaseUpSyncDownloadService - traceId= - [finance] 开始拉取上行同步数据: lastTime=2026-07-01 09:04:48
2026-07-01 09:05:48.140 [scheduling-1] INFO  c.p.c.s.BaseUpSyncDownloadService - traceId= - [finance] 开始拉取上行同步数据: lastTime=2026-07-01 09:05:18
2026-07-01 09:06:18.151 [scheduling-1] INFO  c.p.c.s.BaseUpSyncDownloadService - traceId= - [finance] 开始拉取上行同步数据: lastTime=2026-07-01 09:05:48
2026-07-01 09:06:48.159 [scheduling-1] INFO  c.p.c.s.BaseUpSyncDownloadService - traceId= - [finance] 开始拉取上行同步数据: lastTime=2026-07-01 09:06:18
2026-07-01 09:07:18.182 [scheduling-1] INFO  c.p.c.s.BaseUpSyncDownloadService - traceId= - [finance] 开始拉取上行同步数据: lastTime=2026-07-01 09:06:48
2026-07-01 09:07:48.207 [scheduling-1] INFO  c.p.c.s.BaseUpSyncDownloadService - traceId= - [finance] 开始拉取上行同步数据: lastTime=2026-07-01 09:07:18
2026-07-01 09:08:18.219 [scheduling-1] INFO  c.p.c.s.BaseUpSyncDownloadService - traceId= - [finance] 开始拉取上行同步数据: lastTime=2026-07-01 09:07:48
2026-07-01 09:08:48.230 [scheduling-1] INFO  c.p.c.s.BaseUpSyncDownloadService - traceId= - [finance] 开始拉取上行同步数据: lastTime=2026-07-01 09:08:18
2026-07-01 09:09:18.247 [scheduling-1] INFO  c.p.c.s.BaseUpSyncDownloadService - traceId= - [finance] 开始拉取上行同步数据: lastTime=2026-07-01 09:08:48
2026-07-01 09:09:48.262 [scheduling-1] INFO  c.p.c.s.BaseUpSyncDownloadService - traceId= - [finance] 开始拉取上行同步数据: lastTime=2026-07-01 09:09:18
2026-07-01 09:10:18.290 [scheduling-1] INFO  c.p.c.s.BaseUpSyncDownloadService - traceId= - [finance] 开始拉取上行同步数据: lastTime=2026-07-01 09:09:48
2026-07-01 09:10:48.308 [scheduling-1] INFO  c.p.c.s.BaseUpSyncDownloadService - traceId= - [finance] 开始拉取上行同步数据: lastTime=2026-07-01 09:10:18
2026-07-01 09:11:18.327 [scheduling-1] INFO  c.p.c.s.BaseUpSyncDownloadService - traceId= - [finance] 开始拉取上行同步数据: lastTime=2026-07-01 09:10:48
2026-07-01 09:11:48.338 [scheduling-1] INFO  c.p.c.s.BaseUpSyncDownloadService - traceId= - [finance] 开始拉取上行同步数据: lastTime=2026-07-01 09:11:18
2026-07-01 09:12:18.345 [scheduling-1] INFO  c.p.c.s.BaseUpSyncDownloadService - traceId= - [finance] 开始拉取上行同步数据: lastTime=2026-07-01 09:11:48
2026-07-01 09:12:48.365 [scheduling-1] INFO  c.p.c.s.BaseUpSyncDownloadService - traceId= - [finance] 开始拉取上行同步数据: lastTime=2026-07-01 09:12:18
2026-07-01 09:13:18.383 [scheduling-1] INFO  c.p.c.s.BaseUpSyncDownloadService - traceId= - [finance] 开始拉取上行同步数据: lastTime=2026-07-01 09:12:48
2026-07-01 09:13:48.399 [scheduling-1] INFO  c.p.c.s.BaseUpSyncDownloadService - traceId= - [finance] 开始拉取上行同步数据: lastTime=2026-07-01 09:13:18
2026-07-01 09:14:18.423 [scheduling-1] INFO  c.p.c.s.BaseUpSyncDownloadService - traceId= - [finance] 开始拉取上行同步数据: lastTime=2026-07-01 09:13:48
2026-07-01 09:14:48.445 [scheduling-1] INFO  c.p.c.s.BaseUpSyncDownloadService - traceId= - [finance] 开始拉取上行同步数据: lastTime=2026-07-01 09:14:18
2026-07-01 09:15:18.467 [scheduling-1] INFO  c.p.c.s.BaseUpSyncDownloadService - traceId= - [finance] 开始拉取上行同步数据: lastTime=2026-07-01 09:14:48
2026-07-01 09:15:48.480 [scheduling-1] INFO  c.p.c.s.BaseUpSyncDownloadService - traceId= - [finance] 开始拉取上行同步数据: lastTime=2026-07-01 09:15:18
2026-07-01 09:16:18.502 [scheduling-1] INFO  c.p.c.s.BaseUpSyncDownloadService - traceId= - [finance] 开始拉取上行同步数据: lastTime=2026-07-01 09:15:48
2026-07-01 09:16:48.518 [scheduling-1] INFO  c.p.c.s.BaseUpSyncDownloadService - traceId= - [finance] 开始拉取上行同步数据: lastTime=2026-07-01 09:16:18
2026-07-01 09:17:18.531 [scheduling-1] INFO  c.p.c.s.BaseUpSyncDownloadService - traceId= - [finance] 开始拉取上行同步数据: lastTime=2026-07-01 09:16:48
2026-07-01 09:17:48.544 [scheduling-1] INFO  c.p.c.s.BaseUpSyncDownloadService - traceId= - [finance] 开始拉取上行同步数据: lastTime=2026-07-01 09:17:18
2026-07-01 09:18:18.564 [scheduling-1] INFO  c.p.c.s.BaseUpSyncDownloadService - traceId= - [finance] 开始拉取上行同步数据: lastTime=2026-07-01 09:17:48
2026-07-01 09:18:48.581 [scheduling-1] INFO  c.p.c.s.BaseUpSyncDownloadService - traceId= - [finance] 开始拉取上行同步数据: lastTime=2026-07-01 09:18:18
2026-07-01 09:19:18.594 [scheduling-1] INFO  c.p.c.s.BaseUpSyncDownloadService - traceId= - [finance] 开始拉取上行同步数据: lastTime=2026-07-01 09:18:48
2026-07-01 09:19:48.603 [scheduling-1] INFO  c.p.c.s.BaseUpSyncDownloadService - traceId= - [finance] 开始拉取上行同步数据: lastTime=2026-07-01 09:19:18
2026-07-01 09:20:18.614 [scheduling-1] INFO  c.p.c.s.BaseUpSyncDownloadService - traceId= - [finance] 开始拉取上行同步数据: lastTime=2026-07-01 09:19:48
2026-07-01 09:20:48.624 [scheduling-1] INFO  c.p.c.s.BaseUpSyncDownloadService - traceId= - [finance] 开始拉取上行同步数据: lastTime=2026-07-01 09:20:18
2026-07-01 09:21:18.645 [scheduling-1] INFO  c.p.c.s.BaseUpSyncDownloadService - traceId= - [finance] 开始拉取上行同步数据: lastTime=2026-07-01 09:20:48
2026-07-01 09:21:48.661 [scheduling-1] INFO  c.p.c.s.BaseUpSyncDownloadService - traceId= - [finance] 开始拉取上行同步数据: lastTime=2026-07-01 09:21:18
2026-07-01 09:22:18.677 [scheduling-1] INFO  c.p.c.s.BaseUpSyncDownloadService - traceId= - [finance] 开始拉取上行同步数据: lastTime=2026-07-01 09:21:48
2026-07-01 09:22:48.694 [scheduling-1] INFO  c.p.c.s.BaseUpSyncDownloadService - traceId= - [finance] 开始拉取上行同步数据: lastTime=2026-07-01 09:22:18
2026-07-01 09:23:18.701 [scheduling-1] INFO  c.p.c.s.BaseUpSyncDownloadService - traceId= - [finance] 开始拉取上行同步数据: lastTime=2026-07-01 09:22:48
2026-07-01 09:23:48.725 [scheduling-1] INFO  c.p.c.s.BaseUpSyncDownloadService - traceId= - [finance] 开始拉取上行同步数据: lastTime=2026-07-01 09:23:18
2026-07-01 09:24:18.745 [scheduling-1] INFO  c.p.c.s.BaseUpSyncDownloadService - traceId= - [finance] 开始拉取上行同步数据: lastTime=2026-07-01 09:23:48
2026-07-01 09:24:48.767 [scheduling-1] INFO  c.p.c.s.BaseUpSyncDownloadService - traceId= - [finance] 开始拉取上行同步数据: lastTime=2026-07-01 09:24:18
2026-07-01 09:25:18.797 [scheduling-1] INFO  c.p.c.s.BaseUpSyncDownloadService - traceId= - [finance] 开始拉取上行同步数据: lastTime=2026-07-01 09:24:48
2026-07-01 09:25:48.816 [scheduling-1] INFO  c.p.c.s.BaseUpSyncDownloadService - traceId= - [finance] 开始拉取上行同步数据: lastTime=2026-07-01 09:25:18
2026-07-01 09:26:18.833 [scheduling-1] INFO  c.p.c.s.BaseUpSyncDownloadService - traceId= - [finance] 开始拉取上行同步数据: lastTime=2026-07-01 09:25:48
2026-07-01 09:26:48.841 [scheduling-1] INFO  c.p.c.s.BaseUpSyncDownloadService - traceId= - [finance] 开始拉取上行同步数据: lastTime=2026-07-01 09:26:18
2026-07-01 09:27:18.848 [scheduling-1] INFO  c.p.c.s.BaseUpSyncDownloadService - traceId= - [finance] 开始拉取上行同步数据: lastTime=2026-07-01 09:26:48
2026-07-01 09:27:48.864 [scheduling-1] INFO  c.p.c.s.BaseUpSyncDownloadService - traceId= - [finance] 开始拉取上行同步数据: lastTime=2026-07-01 09:27:18
2026-07-01 09:28:18.894 [scheduling-1] INFO  c.p.c.s.BaseUpSyncDownloadService - traceId= - [finance] 开始拉取上行同步数据: lastTime=2026-07-01 09:27:48
2026-07-01 09:28:48.912 [scheduling-1] INFO  c.p.c.s.BaseUpSyncDownloadService - traceId= - [finance] 开始拉取上行同步数据: lastTime=2026-07-01 09:28:18
2026-07-01 09:29:18.919 [scheduling-1] INFO  c.p.c.s.BaseUpSyncDownloadService - traceId= - [finance] 开始拉取上行同步数据: lastTime=2026-07-01 09:28:48
2026-07-01 09:29:48.943 [scheduling-1] INFO  c.p.c.s.BaseUpSyncDownloadService - traceId= - [finance] 开始拉取上行同步数据: lastTime=2026-07-01 09:29:18
2026-07-01 09:30:18.958 [scheduling-1] INFO  c.p.c.s.BaseUpSyncDownloadService - traceId= - [finance] 开始拉取上行同步数据: lastTime=2026-07-01 09:29:48
2026-07-01 09:30:48.964 [scheduling-1] INFO  c.p.c.s.BaseUpSyncDownloadService - traceId= - [finance] 开始拉取上行同步数据: lastTime=2026-07-01 09:30:18
2026-07-01 09:31:18.974 [scheduling-1] INFO  c.p.c.s.BaseUpSyncDownloadService - traceId= - [finance] 开始拉取上行同步数据: lastTime=2026-07-01 09:30:48
2026-07-01 09:31:48.999 [scheduling-1] INFO  c.p.c.s.BaseUpSyncDownloadService - traceId= - [finance] 开始拉取上行同步数据: lastTime=2026-07-01 09:31:18
2026-07-01 09:32:19.027 [scheduling-1] INFO  c.p.c.s.BaseUpSyncDownloadService - traceId= - [finance] 开始拉取上行同步数据: lastTime=2026-07-01 09:31:49
2026-07-01 09:32:49.048 [scheduling-1] INFO  c.p.c.s.BaseUpSyncDownloadService - traceId= - [finance] 开始拉取上行同步数据: lastTime=2026-07-01 09:32:19
2026-07-01 09:33:19.063 [scheduling-1] INFO  c.p.c.s.BaseUpSyncDownloadService - traceId= - [finance] 开始拉取上行同步数据: lastTime=2026-07-01 09:32:49
2026-07-01 09:33:49.084 [scheduling-1] INFO  c.p.c.s.BaseUpSyncDownloadService - traceId= - [finance] 开始拉取上行同步数据: lastTime=2026-07-01 09:33:19
2026-07-01 09:34:19.098 [scheduling-1] INFO  c.p.c.s.BaseUpSyncDownloadService - traceId= - [finance] 开始拉取上行同步数据: lastTime=2026-07-01 09:33:49
2026-07-01 09:34:49.115 [scheduling-1] INFO  c.p.c.s.BaseUpSyncDownloadService - traceId= - [finance] 开始拉取上行同步数据: lastTime=2026-07-01 09:34:19
2026-07-01 09:35:19.134 [scheduling-1] INFO  c.p.c.s.BaseUpSyncDownloadService - traceId= - [finance] 开始拉取上行同步数据: lastTime=2026-07-01 09:34:49
2026-07-01 09:35:49.143 [scheduling-1] INFO  c.p.c.s.BaseUpSyncDownloadService - traceId= - [finance] 开始拉取上行同步数据: lastTime=2026-07-01 09:35:19
2026-07-01 09:36:19.171 [scheduling-1] INFO  c.p.c.s.BaseUpSyncDownloadService - traceId= - [finance] 开始拉取上行同步数据: lastTime=2026-07-01 09:35:49
2026-07-01 09:36:49.182 [scheduling-1] INFO  c.p.c.s.BaseUpSyncDownloadService - traceId= - [finance] 开始拉取上行同步数据: lastTime=2026-07-01 09:36:19
2026-07-01 09:37:19.190 [scheduling-1] INFO  c.p.c.s.BaseUpSyncDownloadService - traceId= - [finance] 开始拉取上行同步数据: lastTime=2026-07-01 09:36:49
2026-07-01 09:37:49.195 [scheduling-1] INFO  c.p.c.s.BaseUpSyncDownloadService - traceId= - [finance] 开始拉取上行同步数据: lastTime=2026-07-01 09:37:19
2026-07-01 09:38:19.224 [scheduling-1] INFO  c.p.c.s.BaseUpSyncDownloadService - traceId= - [finance] 开始拉取上行同步数据: lastTime=2026-07-01 09:37:49
2026-07-01 09:38:49.241 [scheduling-1] INFO  c.p.c.s.BaseUpSyncDownloadService - traceId= - [finance] 开始拉取上行同步数据: lastTime=2026-07-01 09:38:19
2026-07-01 09:39:19.262 [scheduling-1] INFO  c.p.c.s.BaseUpSyncDownloadService - traceId= - [finance] 开始拉取上行同步数据: lastTime=2026-07-01 09:38:49
2026-07-01 09:39:49.284 [scheduling-1] INFO  c.p.c.s.BaseUpSyncDownloadService - traceId= - [finance] 开始拉取上行同步数据: lastTime=2026-07-01 09:39:19
2026-07-01 09:40:19.301 [scheduling-1] INFO  c.p.c.s.BaseUpSyncDownloadService - traceId= - [finance] 开始拉取上行同步数据: lastTime=2026-07-01 09:39:49
2026-07-01 09:40:49.322 [scheduling-1] INFO  c.p.c.s.BaseUpSyncDownloadService - traceId= - [finance] 开始拉取上行同步数据: lastTime=2026-07-01 09:40:19
2026-07-01 09:41:19.342 [scheduling-1] INFO  c.p.c.s.BaseUpSyncDownloadService - traceId= - [finance] 开始拉取上行同步数据: lastTime=2026-07-01 09:40:49
2026-07-01 09:41:49.357 [scheduling-1] INFO  c.p.c.s.BaseUpSyncDownloadService - traceId= - [finance] 开始拉取上行同步数据: lastTime=2026-07-01 09:41:19
2026-07-01 09:42:19.373 [scheduling-1] INFO  c.p.c.s.BaseUpSyncDownloadService - traceId= - [finance] 开始拉取上行同步数据: lastTime=2026-07-01 09:41:49
2026-07-01 09:42:49.389 [scheduling-1] INFO  c.p.c.s.BaseUpSyncDownloadService - traceId= - [finance] 开始拉取上行同步数据: lastTime=2026-07-01 09:42:19
2026-07-01 09:43:19.405 [scheduling-1] INFO  c.p.c.s.BaseUpSyncDownloadService - traceId= - [finance] 开始拉取上行同步数据: lastTime=2026-07-01 09:42:49
2026-07-01 09:43:49.414 [scheduling-1] INFO  c.p.c.s.BaseUpSyncDownloadService - traceId= - [finance] 开始拉取上行同步数据: lastTime=2026-07-01 09:43:19
2026-07-01 09:44:19.424 [scheduling-1] INFO  c.p.c.s.BaseUpSyncDownloadService - traceId= - [finance] 开始拉取上行同步数据: lastTime=2026-07-01 09:43:49
2026-07-01 09:44:49.448 [scheduling-1] INFO  c.p.c.s.BaseUpSyncDownloadService - traceId= - [finance] 开始拉取上行同步数据: lastTime=2026-07-01 09:44:19
2026-07-01 09:45:19.468 [scheduling-1] INFO  c.p.c.s.BaseUpSyncDownloadService - traceId= - [finance] 开始拉取上行同步数据: lastTime=2026-07-01 09:44:49
2026-07-01 09:45:49.477 [scheduling-1] INFO  c.p.c.s.BaseUpSyncDownloadService - traceId= - [finance] 开始拉取上行同步数据: lastTime=2026-07-01 09:45:19
2026-07-01 09:46:19.496 [scheduling-1] INFO  c.p.c.s.BaseUpSyncDownloadService - traceId= - [finance] 开始拉取上行同步数据: lastTime=2026-07-01 09:45:49
2026-07-01 09:46:49.521 [scheduling-1] INFO  c.p.c.s.BaseUpSyncDownloadService - traceId= - [finance] 开始拉取上行同步数据: lastTime=2026-07-01 09:46:19
2026-07-01 09:47:19.551 [scheduling-1] INFO  c.p.c.s.BaseUpSyncDownloadService - traceId= - [finance] 开始拉取上行同步数据: lastTime=2026-07-01 09:46:49
2026-07-01 09:47:49.575 [scheduling-1] INFO  c.p.c.s.BaseUpSyncDownloadService - traceId= - [finance] 开始拉取上行同步数据: lastTime=2026-07-01 09:47:19
2026-07-01 09:48:19.605 [scheduling-1] INFO  c.p.c.s.BaseUpSyncDownloadService - traceId= - [finance] 开始拉取上行同步数据: lastTime=2026-07-01 09:47:49
2026-07-01 09:48:49.626 [scheduling-1] INFO  c.p.c.s.BaseUpSyncDownloadService - traceId= - [finance] 开始拉取上行同步数据: lastTime=2026-07-01 09:48:19
2026-07-01 09:49:19.642 [scheduling-1] INFO  c.p.c.s.BaseUpSyncDownloadService - traceId= - [finance] 开始拉取上行同步数据: lastTime=2026-07-01 09:48:49
2026-07-01 09:49:49.657 [scheduling-1] INFO  c.p.c.s.BaseUpSyncDownloadService - traceId= - [finance] 开始拉取上行同步数据: lastTime=2026-07-01 09:49:19
2026-07-01 09:50:19.673 [scheduling-1] INFO  c.p.c.s.BaseUpSyncDownloadService - traceId= - [finance] 开始拉取上行同步数据: lastTime=2026-07-01 09:49:49
2026-07-01 09:50:49.692 [scheduling-1] INFO  c.p.c.s.BaseUpSyncDownloadService - traceId= - [finance] 开始拉取上行同步数据: lastTime=2026-07-01 09:50:19
2026-07-01 09:51:19.700 [scheduling-1] INFO  c.p.c.s.BaseUpSyncDownloadService - traceId= - [finance] 开始拉取上行同步数据: lastTime=2026-07-01 09:50:49
2026-07-01 09:51:49.719 [scheduling-1] INFO  c.p.c.s.BaseUpSyncDownloadService - traceId= - [finance] 开始拉取上行同步数据: lastTime=2026-07-01 09:51:19
2026-07-01 09:52:19.734 [scheduling-1] INFO  c.p.c.s.BaseUpSyncDownloadService - traceId= - [finance] 开始拉取上行同步数据: lastTime=2026-07-01 09:51:49
2026-07-01 09:52:49.742 [scheduling-1] INFO  c.p.c.s.BaseUpSyncDownloadService - traceId= - [finance] 开始拉取上行同步数据: lastTime=2026-07-01 09:52:19
2026-07-01 09:53:19.756 [scheduling-1] INFO  c.p.c.s.BaseUpSyncDownloadService - traceId= - [finance] 开始拉取上行同步数据: lastTime=2026-07-01 09:52:49
2026-07-01 09:53:49.769 [scheduling-1] INFO  c.p.c.s.BaseUpSyncDownloadService - traceId= - [finance] 开始拉取上行同步数据: lastTime=2026-07-01 09:53:19
2026-07-01 09:54:19.783 [scheduling-1] INFO  c.p.c.s.BaseUpSyncDownloadService - traceId= - [finance] 开始拉取上行同步数据: lastTime=2026-07-01 09:53:49
2026-07-01 09:54:49.792 [scheduling-1] INFO  c.p.c.s.BaseUpSyncDownloadService - traceId= - [finance] 开始拉取上行同步数据: lastTime=2026-07-01 09:54:19
2026-07-01 09:55:19.801 [scheduling-1] INFO  c.p.c.s.BaseUpSyncDownloadService - traceId= - [finance] 开始拉取上行同步数据: lastTime=2026-07-01 09:54:49
2026-07-01 09:55:49.829 [scheduling-1] INFO  c.p.c.s.BaseUpSyncDownloadService - traceId= - [finance] 开始拉取上行同步数据: lastTime=2026-07-01 09:55:19
2026-07-01 09:56:19.853 [scheduling-1] INFO  c.p.c.s.BaseUpSyncDownloadService - traceId= - [finance] 开始拉取上行同步数据: lastTime=2026-07-01 09:55:49
2026-07-01 09:56:49.875 [scheduling-1] INFO  c.p.c.s.BaseUpSyncDownloadService - traceId= - [finance] 开始拉取上行同步数据: lastTime=2026-07-01 09:56:19
2026-07-01 09:57:19.902 [scheduling-1] INFO  c.p.c.s.BaseUpSyncDownloadService - traceId= - [finance] 开始拉取上行同步数据: lastTime=2026-07-01 09:56:49
2026-07-01 09:57:49.920 [scheduling-1] INFO  c.p.c.s.BaseUpSyncDownloadService - traceId= - [finance] 开始拉取上行同步数据: lastTime=2026-07-01 09:57:19
2026-07-01 09:58:19.943 [scheduling-1] INFO  c.p.c.s.BaseUpSyncDownloadService - traceId= - [finance] 开始拉取上行同步数据: lastTime=2026-07-01 09:57:49
2026-07-01 09:58:49.952 [scheduling-1] INFO  c.p.c.s.BaseUpSyncDownloadService - traceId= - [finance] 开始拉取上行同步数据: lastTime=2026-07-01 09:58:19
2026-07-01 09:59:19.968 [scheduling-1] INFO  c.p.c.s.BaseUpSyncDownloadService - traceId= - [finance] 开始拉取上行同步数据: lastTime=2026-07-01 09:58:49
2026-07-01 09:59:49.985 [scheduling-1] INFO  c.p.c.s.BaseUpSyncDownloadService - traceId= - [finance] 开始拉取上行同步数据: lastTime=2026-07-01 09:59:19
2026-07-01 10:00:20.001 [scheduling-1] INFO  c.p.c.s.BaseUpSyncDownloadService - traceId= - [finance] 开始拉取上行同步数据: lastTime=2026-07-01 09:59:49
2026-07-01 10:00:50.021 [scheduling-1] INFO  c.p.c.s.BaseUpSyncDownloadService - traceId= - [finance] 开始拉取上行同步数据: lastTime=2026-07-01 10:00:20
2026-07-01 10:01:20.035 [scheduling-1] INFO  c.p.c.s.BaseUpSyncDownloadService - traceId= - [finance] 开始拉取上行同步数据: lastTime=2026-07-01 10:00:50
2026-07-01 10:01:50.051 [scheduling-1] INFO  c.p.c.s.BaseUpSyncDownloadService - traceId= - [finance] 开始拉取上行同步数据: lastTime=2026-07-01 10:01:20
2026-07-01 10:02:20.059 [scheduling-1] INFO  c.p.c.s.BaseUpSyncDownloadService - traceId= - [finance] 开始拉取上行同步数据: lastTime=2026-07-01 10:01:50
2026-07-01 10:02:50.084 [scheduling-1] INFO  c.p.c.s.BaseUpSyncDownloadService - traceId= - [finance] 开始拉取上行同步数据: lastTime=2026-07-01 10:02:20
2026-07-01 10:03:20.096 [scheduling-1] INFO  c.p.c.s.BaseUpSyncDownloadService - traceId= - [finance] 开始拉取上行同步数据: lastTime=2026-07-01 10:02:50
2026-07-01 10:03:50.115 [scheduling-1] INFO  c.p.c.s.BaseUpSyncDownloadService - traceId= - [finance] 开始拉取上行同步数据: lastTime=2026-07-01 10:03:20
2026-07-01 10:04:20.133 [scheduling-1] INFO  c.p.c.s.BaseUpSyncDownloadService - traceId= - [finance] 开始拉取上行同步数据: lastTime=2026-07-01 10:03:50
2026-07-01 10:04:50.157 [scheduling-1] INFO  c.p.c.s.BaseUpSyncDownloadService - traceId= - [finance] 开始拉取上行同步数据: lastTime=2026-07-01 10:04:20
2026-07-01 10:05:20.175 [scheduling-1] INFO  c.p.c.s.BaseUpSyncDownloadService - traceId= - [finance] 开始拉取上行同步数据: lastTime=2026-07-01 10:04:50
2026-07-01 10:05:50.191 [scheduling-1] INFO  c.p.c.s.BaseUpSyncDownloadService - traceId= - [finance] 开始拉取上行同步数据: lastTime=2026-07-01 10:05:20
2026-07-01 10:06:20.205 [scheduling-1] INFO  c.p.c.s.BaseUpSyncDownloadService - traceId= - [finance] 开始拉取上行同步数据: lastTime=2026-07-01 10:05:50
2026-07-01 10:06:50.230 [scheduling-1] INFO  c.p.c.s.BaseUpSyncDownloadService - traceId= - [finance] 开始拉取上行同步数据: lastTime=2026-07-01 10:06:20
2026-07-01 10:07:20.244 [scheduling-1] INFO  c.p.c.s.BaseUpSyncDownloadService - traceId= - [finance] 开始拉取上行同步数据: lastTime=2026-07-01 10:06:50
2026-07-01 10:07:50.265 [scheduling-1] INFO  c.p.c.s.BaseUpSyncDownloadService - traceId= - [finance] 开始拉取上行同步数据: lastTime=2026-07-01 10:07:20
2026-07-01 10:08:20.282 [scheduling-1] INFO  c.p.c.s.BaseUpSyncDownloadService - traceId= - [finance] 开始拉取上行同步数据: lastTime=2026-07-01 10:07:50
2026-07-01 10:08:50.292 [scheduling-1] INFO  c.p.c.s.BaseUpSyncDownloadService - traceId= - [finance] 开始拉取上行同步数据: lastTime=2026-07-01 10:08:20
2026-07-01 10:09:20.300 [scheduling-1] INFO  c.p.c.s.BaseUpSyncDownloadService - traceId= - [finance] 开始拉取上行同步数据: lastTime=2026-07-01 10:08:50
2026-07-01 10:09:50.322 [scheduling-1] INFO  c.p.c.s.BaseUpSyncDownloadService - traceId= - [finance] 开始拉取上行同步数据: lastTime=2026-07-01 10:09:20
2026-07-01 10:10:20.342 [scheduling-1] INFO  c.p.c.s.BaseUpSyncDownloadService - traceId= - [finance] 开始拉取上行同步数据: lastTime=2026-07-01 10:09:50
2026-07-01 10:10:50.365 [scheduling-1] INFO  c.p.c.s.BaseUpSyncDownloadService - traceId= - [finance] 开始拉取上行同步数据: lastTime=2026-07-01 10:10:20
2026-07-01 10:11:20.389 [scheduling-1] INFO  c.p.c.s.BaseUpSyncDownloadService - traceId= - [finance] 开始拉取上行同步数据: lastTime=2026-07-01 10:10:50
2026-07-01 10:11:50.409 [scheduling-1] INFO  c.p.c.s.BaseUpSyncDownloadService - traceId= - [finance] 开始拉取上行同步数据: lastTime=2026-07-01 10:11:20
2026-07-01 10:12:20.425 [scheduling-1] INFO  c.p.c.s.BaseUpSyncDownloadService - traceId= - [finance] 开始拉取上行同步数据: lastTime=2026-07-01 10:11:50
2026-07-01 10:12:50.446 [scheduling-1] INFO  c.p.c.s.BaseUpSyncDownloadService - traceId= - [finance] 开始拉取上行同步数据: lastTime=2026-07-01 10:12:20
2026-07-01 10:13:20.456 [scheduling-1] INFO  c.p.c.s.BaseUpSyncDownloadService - traceId= - [finance] 开始拉取上行同步数据: lastTime=2026-07-01 10:12:50
2026-07-01 10:13:50.463 [scheduling-1] INFO  c.p.c.s.BaseUpSyncDownloadService - traceId= - [finance] 开始拉取上行同步数据: lastTime=2026-07-01 10:13:20
2026-07-01 10:14:20.475 [scheduling-1] INFO  c.p.c.s.BaseUpSyncDownloadService - traceId= - [finance] 开始拉取上行同步数据: lastTime=2026-07-01 10:13:50
2026-07-01 10:14:50.493 [scheduling-1] INFO  c.p.c.s.BaseUpSyncDownloadService - traceId= - [finance] 开始拉取上行同步数据: lastTime=2026-07-01 10:14:20
2026-07-01 10:15:20.505 [scheduling-1] INFO  c.p.c.s.BaseUpSyncDownloadService - traceId= - [finance] 开始拉取上行同步数据: lastTime=2026-07-01 10:14:50
2026-07-01 10:15:50.523 [scheduling-1] INFO  c.p.c.s.BaseUpSyncDownloadService - traceId= - [finance] 开始拉取上行同步数据: lastTime=2026-07-01 10:15:20
2026-07-01 10:16:20.531 [scheduling-1] INFO  c.p.c.s.BaseUpSyncDownloadService - traceId= - [finance] 开始拉取上行同步数据: lastTime=2026-07-01 10:15:50
2026-07-01 10:16:50.559 [scheduling-1] INFO  c.p.c.s.BaseUpSyncDownloadService - traceId= - [finance] 开始拉取上行同步数据: lastTime=2026-07-01 10:16:20
2026-07-01 10:17:20.576 [scheduling-1] INFO  c.p.c.s.BaseUpSyncDownloadService - traceId= - [finance] 开始拉取上行同步数据: lastTime=2026-07-01 10:16:50
2026-07-01 10:17:50.602 [scheduling-1] INFO  c.p.c.s.BaseUpSyncDownloadService - traceId= - [finance] 开始拉取上行同步数据: lastTime=2026-07-01 10:17:20
2026-07-01 10:18:20.640 [scheduling-1] INFO  c.p.c.s.BaseUpSyncDownloadService - traceId= - [finance] 开始拉取上行同步数据: lastTime=2026-07-01 10:17:50
2026-07-01 10:18:50.650 [scheduling-1] INFO  c.p.c.s.BaseUpSyncDownloadService - traceId= - [finance] 开始拉取上行同步数据: lastTime=2026-07-01 10:18:20
2026-07-01 10:19:20.670 [scheduling-1] INFO  c.p.c.s.BaseUpSyncDownloadService - traceId= - [finance] 开始拉取上行同步数据: lastTime=2026-07-01 10:18:50
2026-07-01 10:19:50.695 [scheduling-1] INFO  c.p.c.s.BaseUpSyncDownloadService - traceId= - [finance] 开始拉取上行同步数据: lastTime=2026-07-01 10:19:20
2026-07-01 10:20:20.706 [scheduling-1] INFO  c.p.c.s.BaseUpSyncDownloadService - traceId= - [finance] 开始拉取上行同步数据: lastTime=2026-07-01 10:19:50
2026-07-01 10:20:50.719 [scheduling-1] INFO  c.p.c.s.BaseUpSyncDownloadService - traceId= - [finance] 开始拉取上行同步数据: lastTime=2026-07-01 10:20:20
2026-07-01 10:21:20.742 [scheduling-1] INFO  c.p.c.s.BaseUpSyncDownloadService - traceId= - [finance] 开始拉取上行同步数据: lastTime=2026-07-01 10:20:50
2026-07-01 10:21:50.762 [scheduling-1] INFO  c.p.c.s.BaseUpSyncDownloadService - traceId= - [finance] 开始拉取上行同步数据: lastTime=2026-07-01 10:21:20
2026-07-01 10:22:20.791 [scheduling-1] INFO  c.p.c.s.BaseUpSyncDownloadService - traceId= - [finance] 开始拉取上行同步数据: lastTime=2026-07-01 10:21:50
2026-07-01 10:22:50.802 [scheduling-1] INFO  c.p.c.s.BaseUpSyncDownloadService - traceId= - [finance] 开始拉取上行同步数据: lastTime=2026-07-01 10:22:20
2026-07-01 10:23:20.813 [scheduling-1] INFO  c.p.c.s.BaseUpSyncDownloadService - traceId= - [finance] 开始拉取上行同步数据: lastTime=2026-07-01 10:22:50
2026-07-01 10:23:50.824 [scheduling-1] INFO  c.p.c.s.BaseUpSyncDownloadService - traceId= - [finance] 开始拉取上行同步数据: lastTime=2026-07-01 10:23:20
2026-07-01 10:24:20.847 [scheduling-1] INFO  c.p.c.s.BaseUpSyncDownloadService - traceId= - [finance] 开始拉取上行同步数据: lastTime=2026-07-01 10:23:50
2026-07-01 10:24:50.859 [scheduling-1] INFO  c.p.c.s.BaseUpSyncDownloadService - traceId= - [finance] 开始拉取上行同步数据: lastTime=2026-07-01 10:24:20
2026-07-01 10:25:20.885 [scheduling-1] INFO  c.p.c.s.BaseUpSyncDownloadService - traceId= - [finance] 开始拉取上行同步数据: lastTime=2026-07-01 10:24:50
2026-07-01 10:25:50.911 [scheduling-1] INFO  c.p.c.s.BaseUpSyncDownloadService - traceId= - [finance] 开始拉取上行同步数据: lastTime=2026-07-01 10:25:20
2026-07-01 10:26:20.931 [scheduling-1] INFO  c.p.c.s.BaseUpSyncDownloadService - traceId= - [finance] 开始拉取上行同步数据: lastTime=2026-07-01 10:25:50
2026-07-01 10:26:50.956 [scheduling-1] INFO  c.p.c.s.BaseUpSyncDownloadService - traceId= - [finance] 开始拉取上行同步数据: lastTime=2026-07-01 10:26:20
2026-07-01 10:27:20.971 [scheduling-1] INFO  c.p.c.s.BaseUpSyncDownloadService - traceId= - [finance] 开始拉取上行同步数据: lastTime=2026-07-01 10:26:50
2026-07-01 10:27:50.985 [scheduling-1] INFO  c.p.c.s.BaseUpSyncDownloadService - traceId= - [finance] 开始拉取上行同步数据: lastTime=2026-07-01 10:27:20
2026-07-01 10:28:21.005 [scheduling-1] INFO  c.p.c.s.BaseUpSyncDownloadService - traceId= - [finance] 开始拉取上行同步数据: lastTime=2026-07-01 10:27:50
2026-07-01 10:28:51.025 [scheduling-1] INFO  c.p.c.s.BaseUpSyncDownloadService - traceId= - [finance] 开始拉取上行同步数据: lastTime=2026-07-01 10:28:21
2026-07-01 10:29:21.034 [scheduling-1] INFO  c.p.c.s.BaseUpSyncDownloadService - traceId= - [finance] 开始拉取上行同步数据: lastTime=2026-07-01 10:28:51
2026-07-01 10:29:51.044 [scheduling-1] INFO  c.p.c.s.BaseUpSyncDownloadService - traceId= - [finance] 开始拉取上行同步数据: lastTime=2026-07-01 10:29:21
2026-07-01 10:30:21.085 [scheduling-1] INFO  c.p.c.s.BaseUpSyncDownloadService - traceId= - [finance] 开始拉取上行同步数据: lastTime=2026-07-01 10:29:51
2026-07-01 10:30:51.107 [scheduling-1] INFO  c.p.c.s.BaseUpSyncDownloadService - traceId= - [finance] 开始拉取上行同步数据: lastTime=2026-07-01 10:30:21
2026-07-01 10:31:21.120 [scheduling-1] INFO  c.p.c.s.BaseUpSyncDownloadService - traceId= - [finance] 开始拉取上行同步数据: lastTime=2026-07-01 10:30:51
2026-07-01 10:31:51.150 [scheduling-1] INFO  c.p.c.s.BaseUpSyncDownloadService - traceId= - [finance] 开始拉取上行同步数据: lastTime=2026-07-01 10:31:21
2026-07-01 10:32:21.156 [scheduling-1] INFO  c.p.c.s.BaseUpSyncDownloadService - traceId= - [finance] 开始拉取上行同步数据: lastTime=2026-07-01 10:31:51
2026-07-01 10:32:51.173 [scheduling-1] INFO  c.p.c.s.BaseUpSyncDownloadService - traceId= - [finance] 开始拉取上行同步数据: lastTime=2026-07-01 10:32:21
2026-07-01 10:33:21.192 [scheduling-1] INFO  c.p.c.s.BaseUpSyncDownloadService - traceId= - [finance] 开始拉取上行同步数据: lastTime=2026-07-01 10:32:51
2026-07-01 10:33:51.204 [scheduling-1] INFO  c.p.c.s.BaseUpSyncDownloadService - traceId= - [finance] 开始拉取上行同步数据: lastTime=2026-07-01 10:33:21
2026-07-01 10:34:21.211 [scheduling-1] INFO  c.p.c.s.BaseUpSyncDownloadService - traceId= - [finance] 开始拉取上行同步数据: lastTime=2026-07-01 10:33:51
2026-07-01 10:34:51.242 [scheduling-1] INFO  c.p.c.s.BaseUpSyncDownloadService - traceId= - [finance] 开始拉取上行同步数据: lastTime=2026-07-01 10:34:21
2026-07-01 10:35:21.255 [scheduling-1] INFO  c.p.c.s.BaseUpSyncDownloadService - traceId= - [finance] 开始拉取上行同步数据: lastTime=2026-07-01 10:34:51
2026-07-01 10:35:51.280 [scheduling-1] INFO  c.p.c.s.BaseUpSyncDownloadService - traceId= - [finance] 开始拉取上行同步数据: lastTime=2026-07-01 10:35:21
2026-07-01 10:36:21.309 [scheduling-1] INFO  c.p.c.s.BaseUpSyncDownloadService - traceId= - [finance] 开始拉取上行同步数据: lastTime=2026-07-01 10:35:51
2026-07-01 10:36:51.321 [scheduling-1] INFO  c.p.c.s.BaseUpSyncDownloadService - traceId= - [finance] 开始拉取上行同步数据: lastTime=2026-07-01 10:36:21
2026-07-01 10:37:21.340 [scheduling-1] INFO  c.p.c.s.BaseUpSyncDownloadService - traceId= - [finance] 开始拉取上行同步数据: lastTime=2026-07-01 10:36:51
2026-07-01 10:37:51.363 [scheduling-1] INFO  c.p.c.s.BaseUpSyncDownloadService - traceId= - [finance] 开始拉取上行同步数据: lastTime=2026-07-01 10:37:21
2026-07-01 10:38:21.373 [scheduling-1] INFO  c.p.c.s.BaseUpSyncDownloadService - traceId= - [finance] 开始拉取上行同步数据: lastTime=2026-07-01 10:37:51
2026-07-01 10:38:51.394 [scheduling-1] INFO  c.p.c.s.BaseUpSyncDownloadService - traceId= - [finance] 开始拉取上行同步数据: lastTime=2026-07-01 10:38:21
2026-07-01 10:39:21.408 [scheduling-1] INFO  c.p.c.s.BaseUpSyncDownloadService - traceId= - [finance] 开始拉取上行同步数据: lastTime=2026-07-01 10:38:51
2026-07-01 10:39:51.424 [scheduling-1] INFO  c.p.c.s.BaseUpSyncDownloadService - traceId= - [finance] 开始拉取上行同步数据: lastTime=2026-07-01 10:39:21
2026-07-01 10:40:21.441 [scheduling-1] INFO  c.p.c.s.BaseUpSyncDownloadService - traceId= - [finance] 开始拉取上行同步数据: lastTime=2026-07-01 10:39:51
2026-07-01 10:40:51.453 [scheduling-1] INFO  c.p.c.s.BaseUpSyncDownloadService - traceId= - [finance] 开始拉取上行同步数据: lastTime=2026-07-01 10:40:21
2026-07-01 10:41:21.474 [scheduling-1] INFO  c.p.c.s.BaseUpSyncDownloadService - traceId= - [finance] 开始拉取上行同步数据: lastTime=2026-07-01 10:40:51
2026-07-01 10:41:51.503 [scheduling-1] INFO  c.p.c.s.BaseUpSyncDownloadService - traceId= - [finance] 开始拉取上行同步数据: lastTime=2026-07-01 10:41:21
2026-07-01 10:42:21.527 [scheduling-1] INFO  c.p.c.s.BaseUpSyncDownloadService - traceId= - [finance] 开始拉取上行同步数据: lastTime=2026-07-01 10:41:51
2026-07-01 10:42:51.548 [scheduling-1] INFO  c.p.c.s.BaseUpSyncDownloadService - traceId= - [finance] 开始拉取上行同步数据: lastTime=2026-07-01 10:42:21
2026-07-01 10:43:21.572 [scheduling-1] INFO  c.p.c.s.BaseUpSyncDownloadService - traceId= - [finance] 开始拉取上行同步数据: lastTime=2026-07-01 10:42:51
2026-07-01 10:43:51.583 [scheduling-1] INFO  c.p.c.s.BaseUpSyncDownloadService - traceId= - [finance] 开始拉取上行同步数据: lastTime=2026-07-01 10:43:21
2026-07-01 10:44:21.596 [scheduling-1] INFO  c.p.c.s.BaseUpSyncDownloadService - traceId= - [finance] 开始拉取上行同步数据: lastTime=2026-07-01 10:43:51
2026-07-01 10:44:51.621 [scheduling-1] INFO  c.p.c.s.BaseUpSyncDownloadService - traceId= - [finance] 开始拉取上行同步数据: lastTime=2026-07-01 10:44:21
2026-07-01 10:45:21.652 [scheduling-1] INFO  c.p.c.s.BaseUpSyncDownloadService - traceId= - [finance] 开始拉取上行同步数据: lastTime=2026-07-01 10:44:51
2026-07-01 10:45:51.665 [scheduling-1] INFO  c.p.c.s.BaseUpSyncDownloadService - traceId= - [finance] 开始拉取上行同步数据: lastTime=2026-07-01 10:45:21
2026-07-01 10:46:21.685 [scheduling-1] INFO  c.p.c.s.BaseUpSyncDownloadService - traceId= - [finance] 开始拉取上行同步数据: lastTime=2026-07-01 10:45:51
2026-07-01 10:46:51.702 [scheduling-1] INFO  c.p.c.s.BaseUpSyncDownloadService - traceId= - [finance] 开始拉取上行同步数据: lastTime=2026-07-01 10:46:21
2026-07-01 10:47:21.721 [scheduling-1] INFO  c.p.c.s.BaseUpSyncDownloadService - traceId= - [finance] 开始拉取上行同步数据: lastTime=2026-07-01 10:46:51
2026-07-01 10:47:51.741 [scheduling-1] INFO  c.p.c.s.BaseUpSyncDownloadService - traceId= - [finance] 开始拉取上行同步数据: lastTime=2026-07-01 10:47:21
2026-07-01 10:48:21.759 [scheduling-1] INFO  c.p.c.s.BaseUpSyncDownloadService - traceId= - [finance] 开始拉取上行同步数据: lastTime=2026-07-01 10:47:51
2026-07-01 10:48:51.786 [scheduling-1] INFO  c.p.c.s.BaseUpSyncDownloadService - traceId= - [finance] 开始拉取上行同步数据: lastTime=2026-07-01 10:48:21
2026-07-01 10:49:21.806 [scheduling-1] INFO  c.p.c.s.BaseUpSyncDownloadService - traceId= - [finance] 开始拉取上行同步数据: lastTime=2026-07-01 10:48:51
2026-07-01 10:49:51.816 [scheduling-1] INFO  c.p.c.s.BaseUpSyncDownloadService - traceId= - [finance] 开始拉取上行同步数据: lastTime=2026-07-01 10:49:21
2026-07-01 10:50:21.828 [scheduling-1] INFO  c.p.c.s.BaseUpSyncDownloadService - traceId= - [finance] 开始拉取上行同步数据: lastTime=2026-07-01 10:49:51
2026-07-01 10:50:51.847 [scheduling-1] INFO  c.p.c.s.BaseUpSyncDownloadService - traceId= - [finance] 开始拉取上行同步数据: lastTime=2026-07-01 10:50:21
2026-07-01 10:51:21.858 [scheduling-1] INFO  c.p.c.s.BaseUpSyncDownloadService - traceId= - [finance] 开始拉取上行同步数据: lastTime=2026-07-01 10:50:51
2026-07-01 10:51:51.878 [scheduling-1] INFO  c.p.c.s.BaseUpSyncDownloadService - traceId= - [finance] 开始拉取上行同步数据: lastTime=2026-07-01 10:51:21
2026-07-01 10:52:21.896 [scheduling-1] INFO  c.p.c.s.BaseUpSyncDownloadService - traceId= - [finance] 开始拉取上行同步数据: lastTime=2026-07-01 10:51:51
2026-07-01 10:52:51.923 [scheduling-1] INFO  c.p.c.s.BaseUpSyncDownloadService - traceId= - [finance] 开始拉取上行同步数据: lastTime=2026-07-01 10:52:21
2026-07-01 10:53:21.943 [scheduling-1] INFO  c.p.c.s.BaseUpSyncDownloadService - traceId= - [finance] 开始拉取上行同步数据: lastTime=2026-07-01 10:52:51
2026-07-01 10:53:51.954 [scheduling-1] INFO  c.p.c.s.BaseUpSyncDownloadService - traceId= - [finance] 开始拉取上行同步数据: lastTime=2026-07-01 10:53:21
2026-07-01 10:54:21.986 [scheduling-1] INFO  c.p.c.s.BaseUpSyncDownloadService - traceId= - [finance] 开始拉取上行同步数据: lastTime=2026-07-01 10:53:51
2026-07-01 10:54:52.007 [scheduling-1] INFO  c.p.c.s.BaseUpSyncDownloadService - traceId= - [finance] 开始拉取上行同步数据: lastTime=2026-07-01 10:54:22
2026-07-01 10:55:22.035 [scheduling-1] INFO  c.p.c.s.BaseUpSyncDownloadService - traceId= - [finance] 开始拉取上行同步数据: lastTime=2026-07-01 10:54:52
2026-07-01 10:55:52.057 [scheduling-1] INFO  c.p.c.s.BaseUpSyncDownloadService - traceId= - [finance] 开始拉取上行同步数据: lastTime=2026-07-01 10:55:22
2026-07-01 10:56:22.078 [scheduling-1] INFO  c.p.c.s.BaseUpSyncDownloadService - traceId= - [finance] 开始拉取上行同步数据: lastTime=2026-07-01 10:55:52
2026-07-01 10:56:52.098 [scheduling-1] INFO  c.p.c.s.BaseUpSyncDownloadService - traceId= - [finance] 开始拉取上行同步数据: lastTime=2026-07-01 10:56:22
2026-07-01 10:57:22.120 [scheduling-1] INFO  c.p.c.s.BaseUpSyncDownloadService - traceId= - [finance] 开始拉取上行同步数据: lastTime=2026-07-01 10:56:52
2026-07-01 10:57:52.133 [scheduling-1] INFO  c.p.c.s.BaseUpSyncDownloadService - traceId= - [finance] 开始拉取上行同步数据: lastTime=2026-07-01 10:57:22
2026-07-01 10:58:22.151 [scheduling-1] INFO  c.p.c.s.BaseUpSyncDownloadService - traceId= - [finance] 开始拉取上行同步数据: lastTime=2026-07-01 10:57:52
2026-07-01 10:58:52.176 [scheduling-1] INFO  c.p.c.s.BaseUpSyncDownloadService - traceId= - [finance] 开始拉取上行同步数据: lastTime=2026-07-01 10:58:22
2026-07-01 10:59:22.199 [scheduling-1] INFO  c.p.c.s.BaseUpSyncDownloadService - traceId= - [finance] 开始拉取上行同步数据: lastTime=2026-07-01 10:58:52
2026-07-01 10:59:52.207 [scheduling-1] INFO  c.p.c.s.BaseUpSyncDownloadService - traceId= - [finance] 开始拉取上行同步数据: lastTime=2026-07-01 10:59:22
2026-07-01 11:00:22.225 [scheduling-1] INFO  c.p.c.s.BaseUpSyncDownloadService - traceId= - [finance] 开始拉取上行同步数据: lastTime=2026-07-01 10:59:52
2026-07-01 11:00:52.230 [scheduling-1] INFO  c.p.c.s.BaseUpSyncDownloadService - traceId= - [finance] 开始拉取上行同步数据: lastTime=2026-07-01 11:00:22
2026-07-01 11:01:22.245 [scheduling-1] INFO  c.p.c.s.BaseUpSyncDownloadService - traceId= - [finance] 开始拉取上行同步数据: lastTime=2026-07-01 11:00:52
2026-07-01 11:01:52.258 [scheduling-1] INFO  c.p.c.s.BaseUpSyncDownloadService - traceId= - [finance] 开始拉取上行同步数据: lastTime=2026-07-01 11:01:22
2026-07-01 11:02:22.273 [scheduling-1] INFO  c.p.c.s.BaseUpSyncDownloadService - traceId= - [finance] 开始拉取上行同步数据: lastTime=2026-07-01 11:01:52
2026-07-01 11:02:52.289 [scheduling-1] INFO  c.p.c.s.BaseUpSyncDownloadService - traceId= - [finance] 开始拉取上行同步数据: lastTime=2026-07-01 11:02:22
2026-07-01 11:03:22.317 [scheduling-1] INFO  c.p.c.s.BaseUpSyncDownloadService - traceId= - [finance] 开始拉取上行同步数据: lastTime=2026-07-01 11:02:52
2026-07-01 11:03:52.336 [scheduling-1] INFO  c.p.c.s.BaseUpSyncDownloadService - traceId= - [finance] 开始拉取上行同步数据: lastTime=2026-07-01 11:03:22
2026-07-01 11:04:22.353 [scheduling-1] INFO  c.p.c.s.BaseUpSyncDownloadService - traceId= - [finance] 开始拉取上行同步数据: lastTime=2026-07-01 11:03:52
2026-07-01 11:04:52.369 [scheduling-1] INFO  c.p.c.s.BaseUpSyncDownloadService - traceId= - [finance] 开始拉取上行同步数据: lastTime=2026-07-01 11:04:22
2026-07-01 11:05:22.384 [scheduling-1] INFO  c.p.c.s.BaseUpSyncDownloadService - traceId= - [finance] 开始拉取上行同步数据: lastTime=2026-07-01 11:04:52
2026-07-01 11:05:52.404 [scheduling-1] INFO  c.p.c.s.BaseUpSyncDownloadService - traceId= - [finance] 开始拉取上行同步数据: lastTime=2026-07-01 11:05:22
2026-07-01 11:06:22.414 [scheduling-1] INFO  c.p.c.s.BaseUpSyncDownloadService - traceId= - [finance] 开始拉取上行同步数据: lastTime=2026-07-01 11:05:52
2026-07-01 11:06:52.430 [scheduling-1] INFO  c.p.c.s.BaseUpSyncDownloadService - traceId= - [finance] 开始拉取上行同步数据: lastTime=2026-07-01 11:06:22
2026-07-01 11:07:22.443 [scheduling-1] INFO  c.p.c.s.BaseUpSyncDownloadService - traceId= - [finance] 开始拉取上行同步数据: lastTime=2026-07-01 11:06:52
2026-07-01 11:07:52.460 [scheduling-1] INFO  c.p.c.s.BaseUpSyncDownloadService - traceId= - [finance] 开始拉取上行同步数据: lastTime=2026-07-01 11:07:22
2026-07-01 14:00:53.109 [HikariPool-1 housekeeper] WARN  com.zaxxer.hikari.pool.HikariPool - traceId= - HikariPool-1 - Thread starvation or clock leap detected (housekeeper delta=2h53m9s867ms6µs200ns).
2026-07-01 14:01:02.315 [scheduling-1] INFO  c.p.c.s.BaseUpSyncDownloadService - traceId= - [finance] 开始拉取上行同步数据: lastTime=2026-07-01 11:07:52
2026-07-01 14:01:32.325 [scheduling-1] INFO  c.p.c.s.BaseUpSyncDownloadService - traceId= - [finance] 开始拉取上行同步数据: lastTime=2026-07-01 14:01:02
2026-07-01 14:02:02.347 [scheduling-1] INFO  c.p.c.s.BaseUpSyncDownloadService - traceId= - [finance] 开始拉取上行同步数据: lastTime=2026-07-01 14:01:32
2026-07-01 14:02:32.364 [scheduling-1] INFO  c.p.c.s.BaseUpSyncDownloadService - traceId= - [finance] 开始拉取上行同步数据: lastTime=2026-07-01 14:02:02
2026-07-01 14:03:02.376 [scheduling-1] INFO  c.p.c.s.BaseUpSyncDownloadService - traceId= - [finance] 开始拉取上行同步数据: lastTime=2026-07-01 14:02:32
2026-07-01 14:03:32.388 [scheduling-1] INFO  c.p.c.s.BaseUpSyncDownloadService - traceId= - [finance] 开始拉取上行同步数据: lastTime=2026-07-01 14:03:02
2026-07-01 14:04:02.408 [scheduling-1] INFO  c.p.c.s.BaseUpSyncDownloadService - traceId= - [finance] 开始拉取上行同步数据: lastTime=2026-07-01 14:03:32
2026-07-01 14:04:32.431 [scheduling-1] INFO  c.p.c.s.BaseUpSyncDownloadService - traceId= - [finance] 开始拉取上行同步数据: lastTime=2026-07-01 14:04:02
2026-07-01 14:05:02.447 [scheduling-1] INFO  c.p.c.s.BaseUpSyncDownloadService - traceId= - [finance] 开始拉取上行同步数据: lastTime=2026-07-01 14:04:32
2026-07-01 14:05:32.465 [scheduling-1] INFO  c.p.c.s.BaseUpSyncDownloadService - traceId= - [finance] 开始拉取上行同步数据: lastTime=2026-07-01 14:05:02
2026-07-01 14:06:02.481 [scheduling-1] INFO  c.p.c.s.BaseUpSyncDownloadService - traceId= - [finance] 开始拉取上行同步数据: lastTime=2026-07-01 14:05:32
2026-07-01 14:06:32.505 [scheduling-1] INFO  c.p.c.s.BaseUpSyncDownloadService - traceId= - [finance] 开始拉取上行同步数据: lastTime=2026-07-01 14:06:02
2026-07-01 14:07:02.526 [scheduling-1] INFO  c.p.c.s.BaseUpSyncDownloadService - traceId= - [finance] 开始拉取上行同步数据: lastTime=2026-07-01 14:06:32
2026-07-01 14:07:32.554 [scheduling-1] INFO  c.p.c.s.BaseUpSyncDownloadService - traceId= - [finance] 开始拉取上行同步数据: lastTime=2026-07-01 14:07:02
2026-07-01 14:08:02.567 [scheduling-1] INFO  c.p.c.s.BaseUpSyncDownloadService - traceId= - [finance] 开始拉取上行同步数据: lastTime=2026-07-01 14:07:32
2026-07-01 14:08:32.587 [scheduling-1] INFO  c.p.c.s.BaseUpSyncDownloadService - traceId= - [finance] 开始拉取上行同步数据: lastTime=2026-07-01 14:08:02
2026-07-01 14:09:02.594 [scheduling-1] INFO  c.p.c.s.BaseUpSyncDownloadService - traceId= - [finance] 开始拉取上行同步数据: lastTime=2026-07-01 14:08:32
2026-07-01 14:09:32.601 [scheduling-1] INFO  c.p.c.s.BaseUpSyncDownloadService - traceId= - [finance] 开始拉取上行同步数据: lastTime=2026-07-01 14:09:02
2026-07-01 14:10:02.608 [scheduling-1] INFO  c.p.c.s.BaseUpSyncDownloadService - traceId= - [finance] 开始拉取上行同步数据: lastTime=2026-07-01 14:09:32
2026-07-01 14:10:32.624 [scheduling-1] INFO  c.p.c.s.BaseUpSyncDownloadService - traceId= - [finance] 开始拉取上行同步数据: lastTime=2026-07-01 14:10:02
2026-07-01 14:11:02.639 [scheduling-1] INFO  c.p.c.s.BaseUpSyncDownloadService - traceId= - [finance] 开始拉取上行同步数据: lastTime=2026-07-01 14:10:32
2026-07-01 14:11:32.646 [scheduling-1] INFO  c.p.c.s.BaseUpSyncDownloadService - traceId= - [finance] 开始拉取上行同步数据: lastTime=2026-07-01 14:11:02
2026-07-01 14:12:02.653 [scheduling-1] INFO  c.p.c.s.BaseUpSyncDownloadService - traceId= - [finance] 开始拉取上行同步数据: lastTime=2026-07-01 14:11:32
2026-07-01 14:12:32.660 [scheduling-1] INFO  c.p.c.s.BaseUpSyncDownloadService - traceId= - [finance] 开始拉取上行同步数据: lastTime=2026-07-01 14:12:02
2026-07-01 14:13:02.677 [scheduling-1] INFO  c.p.c.s.BaseUpSyncDownloadService - traceId= - [finance] 开始拉取上行同步数据: lastTime=2026-07-01 14:12:32
2026-07-01 14:13:32.686 [scheduling-1] INFO  c.p.c.s.BaseUpSyncDownloadService - traceId= - [finance] 开始拉取上行同步数据: lastTime=2026-07-01 14:13:02
2026-07-01 14:14:02.704 [scheduling-1] INFO  c.p.c.s.BaseUpSyncDownloadService - traceId= - [finance] 开始拉取上行同步数据: lastTime=2026-07-01 14:13:32
2026-07-01 14:14:32.722 [scheduling-1] INFO  c.p.c.s.BaseUpSyncDownloadService - traceId= - [finance] 开始拉取上行同步数据: lastTime=2026-07-01 14:14:02
2026-07-01 14:15:02.733 [scheduling-1] INFO  c.p.c.s.BaseUpSyncDownloadService - traceId= - [finance] 开始拉取上行同步数据: lastTime=2026-07-01 14:14:32
2026-07-01 14:15:32.752 [scheduling-1] INFO  c.p.c.s.BaseUpSyncDownloadService - traceId= - [finance] 开始拉取上行同步数据: lastTime=2026-07-01 14:15:02
2026-07-01 14:16:02.774 [scheduling-1] INFO  c.p.c.s.BaseUpSyncDownloadService - traceId= - [finance] 开始拉取上行同步数据: lastTime=2026-07-01 14:15:32
2026-07-01 14:16:32.794 [scheduling-1] INFO  c.p.c.s.BaseUpSyncDownloadService - traceId= - [finance] 开始拉取上行同步数据: lastTime=2026-07-01 14:16:02
2026-07-01 14:17:02.817 [scheduling-1] INFO  c.p.c.s.BaseUpSyncDownloadService - traceId= - [finance] 开始拉取上行同步数据: lastTime=2026-07-01 14:16:32
2026-07-01 14:17:32.839 [scheduling-1] INFO  c.p.c.s.BaseUpSyncDownloadService - traceId= - [finance] 开始拉取上行同步数据: lastTime=2026-07-01 14:17:02
2026-07-01 14:18:02.866 [scheduling-1] INFO  c.p.c.s.BaseUpSyncDownloadService - traceId= - [finance] 开始拉取上行同步数据: lastTime=2026-07-01 14:17:32
2026-07-01 14:18:32.887 [scheduling-1] INFO  c.p.c.s.BaseUpSyncDownloadService - traceId= - [finance] 开始拉取上行同步数据: lastTime=2026-07-01 14:18:02
2026-07-01 14:19:02.904 [scheduling-1] INFO  c.p.c.s.BaseUpSyncDownloadService - traceId= - [finance] 开始拉取上行同步数据: lastTime=2026-07-01 14:18:32
2026-07-01 14:19:32.916 [scheduling-1] INFO  c.p.c.s.BaseUpSyncDownloadService - traceId= - [finance] 开始拉取上行同步数据: lastTime=2026-07-01 14:19:02
2026-07-01 14:20:02.939 [scheduling-1] INFO  c.p.c.s.BaseUpSyncDownloadService - traceId= - [finance] 开始拉取上行同步数据: lastTime=2026-07-01 14:19:32
2026-07-01 14:20:32.959 [scheduling-1] INFO  c.p.c.s.BaseUpSyncDownloadService - traceId= - [finance] 开始拉取上行同步数据: lastTime=2026-07-01 14:20:02
2026-07-01 14:21:02.974 [scheduling-1] INFO  c.p.c.s.BaseUpSyncDownloadService - traceId= - [finance] 开始拉取上行同步数据: lastTime=2026-07-01 14:20:32
2026-07-01 14:21:32.985 [scheduling-1] INFO  c.p.c.s.BaseUpSyncDownloadService - traceId= - [finance] 开始拉取上行同步数据: lastTime=2026-07-01 14:21:02
2026-07-01 14:22:02.998 [scheduling-1] INFO  c.p.c.s.BaseUpSyncDownloadService - traceId= - [finance] 开始拉取上行同步数据: lastTime=2026-07-01 14:21:32
2026-07-01 14:22:33.013 [scheduling-1] INFO  c.p.c.s.BaseUpSyncDownloadService - traceId= - [finance] 开始拉取上行同步数据: lastTime=2026-07-01 14:22:03
2026-07-01 14:23:03.040 [scheduling-1] INFO  c.p.c.s.BaseUpSyncDownloadService - traceId= - [finance] 开始拉取上行同步数据: lastTime=2026-07-01 14:22:33
2026-07-01 14:23:33.049 [scheduling-1] INFO  c.p.c.s.BaseUpSyncDownloadService - traceId= - [finance] 开始拉取上行同步数据: lastTime=2026-07-01 14:23:03
2026-07-01 14:24:03.056 [scheduling-1] INFO  c.p.c.s.BaseUpSyncDownloadService - traceId= - [finance] 开始拉取上行同步数据: lastTime=2026-07-01 14:23:33
2026-07-01 14:24:33.080 [scheduling-1] INFO  c.p.c.s.BaseUpSyncDownloadService - traceId= - [finance] 开始拉取上行同步数据: lastTime=2026-07-01 14:24:03
2026-07-01 14:25:03.100 [scheduling-1] INFO  c.p.c.s.BaseUpSyncDownloadService - traceId= - [finance] 开始拉取上行同步数据: lastTime=2026-07-01 14:24:33
2026-07-01 14:25:33.113 [scheduling-1] INFO  c.p.c.s.BaseUpSyncDownloadService - traceId= - [finance] 开始拉取上行同步数据: lastTime=2026-07-01 14:25:03
2026-07-01 14:26:03.129 [scheduling-1] INFO  c.p.c.s.BaseUpSyncDownloadService - traceId= - [finance] 开始拉取上行同步数据: lastTime=2026-07-01 14:25:33
2026-07-01 14:26:33.138 [scheduling-1] INFO  c.p.c.s.BaseUpSyncDownloadService - traceId= - [finance] 开始拉取上行同步数据: lastTime=2026-07-01 14:26:03
2026-07-01 14:27:03.150 [scheduling-1] INFO  c.p.c.s.BaseUpSyncDownloadService - traceId= - [finance] 开始拉取上行同步数据: lastTime=2026-07-01 14:26:33
2026-07-01 14:27:33.167 [scheduling-1] INFO  c.p.c.s.BaseUpSyncDownloadService - traceId= - [finance] 开始拉取上行同步数据: lastTime=2026-07-01 14:27:03
2026-07-01 14:28:03.186 [scheduling-1] INFO  c.p.c.s.BaseUpSyncDownloadService - traceId= - [finance] 开始拉取上行同步数据: lastTime=2026-07-01 14:27:33
2026-07-01 14:28:33.208 [scheduling-1] INFO  c.p.c.s.BaseUpSyncDownloadService - traceId= - [finance] 开始拉取上行同步数据: lastTime=2026-07-01 14:28:03
2026-07-01 14:29:03.224 [scheduling-1] INFO  c.p.c.s.BaseUpSyncDownloadService - traceId= - [finance] 开始拉取上行同步数据: lastTime=2026-07-01 14:28:33
2026-07-01 14:29:33.240 [scheduling-1] INFO  c.p.c.s.BaseUpSyncDownloadService - traceId= - [finance] 开始拉取上行同步数据: lastTime=2026-07-01 14:29:03
2026-07-01 14:30:03.257 [scheduling-1] INFO  c.p.c.s.BaseUpSyncDownloadService - traceId= - [finance] 开始拉取上行同步数据: lastTime=2026-07-01 14:29:33
2026-07-01 14:30:33.286 [scheduling-1] INFO  c.p.c.s.BaseUpSyncDownloadService - traceId= - [finance] 开始拉取上行同步数据: lastTime=2026-07-01 14:30:03
2026-07-01 14:31:03.301 [scheduling-1] INFO  c.p.c.s.BaseUpSyncDownloadService - traceId= - [finance] 开始拉取上行同步数据: lastTime=2026-07-01 14:30:33
2026-07-01 14:31:33.309 [scheduling-1] INFO  c.p.c.s.BaseUpSyncDownloadService - traceId= - [finance] 开始拉取上行同步数据: lastTime=2026-07-01 14:31:03
2026-07-01 14:32:03.324 [scheduling-1] INFO  c.p.c.s.BaseUpSyncDownloadService - traceId= - [finance] 开始拉取上行同步数据: lastTime=2026-07-01 14:31:33
2026-07-01 14:32:33.352 [scheduling-1] INFO  c.p.c.s.BaseUpSyncDownloadService - traceId= - [finance] 开始拉取上行同步数据: lastTime=2026-07-01 14:32:03
2026-07-01 14:33:03.366 [scheduling-1] INFO  c.p.c.s.BaseUpSyncDownloadService - traceId= - [finance] 开始拉取上行同步数据: lastTime=2026-07-01 14:32:33
2026-07-01 14:33:33.388 [scheduling-1] INFO  c.p.c.s.BaseUpSyncDownloadService - traceId= - [finance] 开始拉取上行同步数据: lastTime=2026-07-01 14:33:03
2026-07-01 14:34:03.405 [scheduling-1] INFO  c.p.c.s.BaseUpSyncDownloadService - traceId= - [finance] 开始拉取上行同步数据: lastTime=2026-07-01 14:33:33
2026-07-01 14:34:33.420 [scheduling-1] INFO  c.p.c.s.BaseUpSyncDownloadService - traceId= - [finance] 开始拉取上行同步数据: lastTime=2026-07-01 14:34:03
2026-07-01 14:35:03.440 [scheduling-1] INFO  c.p.c.s.BaseUpSyncDownloadService - traceId= - [finance] 开始拉取上行同步数据: lastTime=2026-07-01 14:34:33
2026-07-01 14:35:33.452 [scheduling-1] INFO  c.p.c.s.BaseUpSyncDownloadService - traceId= - [finance] 开始拉取上行同步数据: lastTime=2026-07-01 14:35:03
2026-07-01 14:36:03.465 [scheduling-1] INFO  c.p.c.s.BaseUpSyncDownloadService - traceId= - [finance] 开始拉取上行同步数据: lastTime=2026-07-01 14:35:33
2026-07-01 14:36:33.488 [scheduling-1] INFO  c.p.c.s.BaseUpSyncDownloadService - traceId= - [finance] 开始拉取上行同步数据: lastTime=2026-07-01 14:36:03
2026-07-01 14:37:03.498 [scheduling-1] INFO  c.p.c.s.BaseUpSyncDownloadService - traceId= - [finance] 开始拉取上行同步数据: lastTime=2026-07-01 14:36:33
2026-07-01 14:37:33.507 [scheduling-1] INFO  c.p.c.s.BaseUpSyncDownloadService - traceId= - [finance] 开始拉取上行同步数据: lastTime=2026-07-01 14:37:03
2026-07-01 14:38:03.521 [scheduling-1] INFO  c.p.c.s.BaseUpSyncDownloadService - traceId= - [finance] 开始拉取上行同步数据: lastTime=2026-07-01 14:37:33
2026-07-01 14:38:33.538 [scheduling-1] INFO  c.p.c.s.BaseUpSyncDownloadService - traceId= - [finance] 开始拉取上行同步数据: lastTime=2026-07-01 14:38:03
2026-07-01 14:39:03.571 [scheduling-1] INFO  c.p.c.s.BaseUpSyncDownloadService - traceId= - [finance] 开始拉取上行同步数据: lastTime=2026-07-01 14:38:33
2026-07-01 14:39:33.597 [scheduling-1] INFO  c.p.c.s.BaseUpSyncDownloadService - traceId= - [finance] 开始拉取上行同步数据: lastTime=2026-07-01 14:39:03
2026-07-01 14:40:03.608 [scheduling-1] INFO  c.p.c.s.BaseUpSyncDownloadService - traceId= - [finance] 开始拉取上行同步数据: lastTime=2026-07-01 14:39:33
2026-07-01 14:40:33.615 [scheduling-1] INFO  c.p.c.s.BaseUpSyncDownloadService - traceId= - [finance] 开始拉取上行同步数据: lastTime=2026-07-01 14:40:03
2026-07-01 14:41:03.631 [scheduling-1] INFO  c.p.c.s.BaseUpSyncDownloadService - traceId= - [finance] 开始拉取上行同步数据: lastTime=2026-07-01 14:40:33
2026-07-01 14:41:33.647 [scheduling-1] INFO  c.p.c.s.BaseUpSyncDownloadService - traceId= - [finance] 开始拉取上行同步数据: lastTime=2026-07-01 14:41:03
2026-07-01 14:42:03.666 [scheduling-1] INFO  c.p.c.s.BaseUpSyncDownloadService - traceId= - [finance] 开始拉取上行同步数据: lastTime=2026-07-01 14:41:33
2026-07-01 14:42:33.683 [scheduling-1] INFO  c.p.c.s.BaseUpSyncDownloadService - traceId= - [finance] 开始拉取上行同步数据: lastTime=2026-07-01 14:42:03
2026-07-01 14:43:03.697 [scheduling-1] INFO  c.p.c.s.BaseUpSyncDownloadService - traceId= - [finance] 开始拉取上行同步数据: lastTime=2026-07-01 14:42:33
2026-07-01 14:43:33.723 [scheduling-1] INFO  c.p.c.s.BaseUpSyncDownloadService - traceId= - [finance] 开始拉取上行同步数据: lastTime=2026-07-01 14:43:03
2026-07-01 14:44:03.743 [scheduling-1] INFO  c.p.c.s.BaseUpSyncDownloadService - traceId= - [finance] 开始拉取上行同步数据: lastTime=2026-07-01 14:43:33
2026-07-01 14:44:33.752 [scheduling-1] INFO  c.p.c.s.BaseUpSyncDownloadService - traceId= - [finance] 开始拉取上行同步数据: lastTime=2026-07-01 14:44:03
2026-07-01 14:45:03.780 [scheduling-1] INFO  c.p.c.s.BaseUpSyncDownloadService - traceId= - [finance] 开始拉取上行同步数据: lastTime=2026-07-01 14:44:33
2026-07-01 14:45:33.805 [scheduling-1] INFO  c.p.c.s.BaseUpSyncDownloadService - traceId= - [finance] 开始拉取上行同步数据: lastTime=2026-07-01 14:45:03
2026-07-01 14:46:03.819 [scheduling-1] INFO  c.p.c.s.BaseUpSyncDownloadService - traceId= - [finance] 开始拉取上行同步数据: lastTime=2026-07-01 14:45:33
2026-07-01 14:46:33.834 [scheduling-1] INFO  c.p.c.s.BaseUpSyncDownloadService - traceId= - [finance] 开始拉取上行同步数据: lastTime=2026-07-01 14:46:03
2026-07-01 14:47:03.853 [scheduling-1] INFO  c.p.c.s.BaseUpSyncDownloadService - traceId= - [finance] 开始拉取上行同步数据: lastTime=2026-07-01 14:46:33
2026-07-01 14:47:33.869 [scheduling-1] INFO  c.p.c.s.BaseUpSyncDownloadService - traceId= - [finance] 开始拉取上行同步数据: lastTime=2026-07-01 14:47:03
2026-07-01 14:48:03.881 [scheduling-1] INFO  c.p.c.s.BaseUpSyncDownloadService - traceId= - [finance] 开始拉取上行同步数据: lastTime=2026-07-01 14:47:33
2026-07-01 14:48:33.902 [scheduling-1] INFO  c.p.c.s.BaseUpSyncDownloadService - traceId= - [finance] 开始拉取上行同步数据: lastTime=2026-07-01 14:48:03
2026-07-01 14:49:03.922 [scheduling-1] INFO  c.p.c.s.BaseUpSyncDownloadService - traceId= - [finance] 开始拉取上行同步数据: lastTime=2026-07-01 14:48:33
2026-07-01 14:49:33.929 [scheduling-1] INFO  c.p.c.s.BaseUpSyncDownloadService - traceId= - [finance] 开始拉取上行同步数据: lastTime=2026-07-01 14:49:03
2026-07-01 14:50:03.944 [scheduling-1] INFO  c.p.c.s.BaseUpSyncDownloadService - traceId= - [finance] 开始拉取上行同步数据: lastTime=2026-07-01 14:49:33
2026-07-01 14:50:33.958 [scheduling-1] INFO  c.p.c.s.BaseUpSyncDownloadService - traceId= - [finance] 开始拉取上行同步数据: lastTime=2026-07-01 14:50:03
2026-07-01 14:51:03.968 [scheduling-1] INFO  c.p.c.s.BaseUpSyncDownloadService - traceId= - [finance] 开始拉取上行同步数据: lastTime=2026-07-01 14:50:33
2026-07-01 14:51:33.986 [scheduling-1] INFO  c.p.c.s.BaseUpSyncDownloadService - traceId= - [finance] 开始拉取上行同步数据: lastTime=2026-07-01 14:51:03
2026-07-01 14:52:03.997 [scheduling-1] INFO  c.p.c.s.BaseUpSyncDownloadService - traceId= - [finance] 开始拉取上行同步数据: lastTime=2026-07-01 14:51:33
2026-07-01 14:52:34.009 [scheduling-1] INFO  c.p.c.s.BaseUpSyncDownloadService - traceId= - [finance] 开始拉取上行同步数据: lastTime=2026-07-01 14:52:04
2026-07-01 14:53:04.016 [scheduling-1] INFO  c.p.c.s.BaseUpSyncDownloadService - traceId= - [finance] 开始拉取上行同步数据: lastTime=2026-07-01 14:52:34
2026-07-01 14:53:34.026 [scheduling-1] INFO  c.p.c.s.BaseUpSyncDownloadService - traceId= - [finance] 开始拉取上行同步数据: lastTime=2026-07-01 14:53:04
2026-07-01 14:54:04.042 [scheduling-1] INFO  c.p.c.s.BaseUpSyncDownloadService - traceId= - [finance] 开始拉取上行同步数据: lastTime=2026-07-01 14:53:34
2026-07-01 14:54:34.061 [scheduling-1] INFO  c.p.c.s.BaseUpSyncDownloadService - traceId= - [finance] 开始拉取上行同步数据: lastTime=2026-07-01 14:54:04
2026-07-01 14:55:04.082 [scheduling-1] INFO  c.p.c.s.BaseUpSyncDownloadService - traceId= - [finance] 开始拉取上行同步数据: lastTime=2026-07-01 14:54:34
2026-07-01 14:55:34.090 [scheduling-1] INFO  c.p.c.s.BaseUpSyncDownloadService - traceId= - [finance] 开始拉取上行同步数据: lastTime=2026-07-01 14:55:04
2026-07-01 14:56:04.116 [scheduling-1] INFO  c.p.c.s.BaseUpSyncDownloadService - traceId= - [finance] 开始拉取上行同步数据: lastTime=2026-07-01 14:55:34
2026-07-01 14:56:34.139 [scheduling-1] INFO  c.p.c.s.BaseUpSyncDownloadService - traceId= - [finance] 开始拉取上行同步数据: lastTime=2026-07-01 14:56:04
2026-07-01 14:57:04.160 [scheduling-1] INFO  c.p.c.s.BaseUpSyncDownloadService - traceId= - [finance] 开始拉取上行同步数据: lastTime=2026-07-01 14:56:34
2026-07-01 14:57:34.169 [scheduling-1] INFO  c.p.c.s.BaseUpSyncDownloadService - traceId= - [finance] 开始拉取上行同步数据: lastTime=2026-07-01 14:57:04
2026-07-01 14:58:04.190 [scheduling-1] INFO  c.p.c.s.BaseUpSyncDownloadService - traceId= - [finance] 开始拉取上行同步数据: lastTime=2026-07-01 14:57:34
2026-07-01 14:58:34.208 [scheduling-1] INFO  c.p.c.s.BaseUpSyncDownloadService - traceId= - [finance] 开始拉取上行同步数据: lastTime=2026-07-01 14:58:04
2026-07-01 14:59:04.221 [scheduling-1] INFO  c.p.c.s.BaseUpSyncDownloadService - traceId= - [finance] 开始拉取上行同步数据: lastTime=2026-07-01 14:58:34
2026-07-01 14:59:34.234 [scheduling-1] INFO  c.p.c.s.BaseUpSyncDownloadService - traceId= - [finance] 开始拉取上行同步数据: lastTime=2026-07-01 14:59:04
2026-07-01 15:00:04.247 [scheduling-1] INFO  c.p.c.s.BaseUpSyncDownloadService - traceId= - [finance] 开始拉取上行同步数据: lastTime=2026-07-01 14:59:34
2026-07-01 15:00:34.271 [scheduling-1] INFO  c.p.c.s.BaseUpSyncDownloadService - traceId= - [finance] 开始拉取上行同步数据: lastTime=2026-07-01 15:00:04
2026-07-01 15:01:04.289 [scheduling-1] INFO  c.p.c.s.BaseUpSyncDownloadService - traceId= - [finance] 开始拉取上行同步数据: lastTime=2026-07-01 15:00:34
2026-07-01 15:01:34.304 [scheduling-1] INFO  c.p.c.s.BaseUpSyncDownloadService - traceId= - [finance] 开始拉取上行同步数据: lastTime=2026-07-01 15:01:04
2026-07-01 15:02:04.316 [scheduling-1] INFO  c.p.c.s.BaseUpSyncDownloadService - traceId= - [finance] 开始拉取上行同步数据: lastTime=2026-07-01 15:01:34
2026-07-01 15:02:34.333 [scheduling-1] INFO  c.p.c.s.BaseUpSyncDownloadService - traceId= - [finance] 开始拉取上行同步数据: lastTime=2026-07-01 15:02:04
2026-07-01 15:03:04.363 [scheduling-1] INFO  c.p.c.s.BaseUpSyncDownloadService - traceId= - [finance] 开始拉取上行同步数据: lastTime=2026-07-01 15:02:34
2026-07-01 15:03:34.384 [scheduling-1] INFO  c.p.c.s.BaseUpSyncDownloadService - traceId= - [finance] 开始拉取上行同步数据: lastTime=2026-07-01 15:03:04
2026-07-01 15:04:04.393 [scheduling-1] INFO  c.p.c.s.BaseUpSyncDownloadService - traceId= - [finance] 开始拉取上行同步数据: lastTime=2026-07-01 15:03:34
2026-07-01 15:04:34.401 [scheduling-1] INFO  c.p.c.s.BaseUpSyncDownloadService - traceId= - [finance] 开始拉取上行同步数据: lastTime=2026-07-01 15:04:04
2026-07-01 15:05:04.409 [scheduling-1] INFO  c.p.c.s.BaseUpSyncDownloadService - traceId= - [finance] 开始拉取上行同步数据: lastTime=2026-07-01 15:04:34
