2026-06-30 12:04:14.100 [background-preinit] INFO  org.hibernate.validator.internal.util.Version - HV000001: Hibernate Validator 8.0.1.Final

  .   ____          _            __ _ _
 /\\ / ___'_ __ _ _(_)_ __  __ _ \ \ \ \
( ( )\___ | '_ | '_| | '_ \/ _` | \ \ \ \
 \\/  ___)| |_)| | | | | || (_| |  ) ) ) )
  '  |____| .__|_| |_|_| |_\__, | / / / /
 =========|_|==============|___/=/_/_/_/
 :: Spring Boot ::                (v3.2.5)

2026-06-30 12:04:16.378 [main] INFO  com.alibaba.nacos.client.utils.ParamUtil - [settings] [req-serv] nacos-server port:8848
2026-06-30 12:04:16.380 [main] INFO  com.alibaba.nacos.client.utils.ParamUtil - [settings] [http-client] connect timeout:1000
2026-06-30 12:04:16.385 [main] INFO  com.alibaba.nacos.client.utils.ParamUtil - PER_TASK_CONFIG_SIZE: 3000.0
2026-06-30 12:04:16.388 [Thread-2] INFO  c.a.n.client.auth.ram.identify.CredentialWatcher - null No credential found
2026-06-30 12:04:16.721 [main] INFO  com.alibaba.nacos.common.labels - DefaultLabelsCollectorManager get labels.....
2026-06-30 12:04:16.723 [main] INFO  com.alibaba.nacos.common.labels - Process LabelsCollector with [name:defaultNacosLabelsCollector]
2026-06-30 12:04:16.723 [main] INFO  com.alibaba.nacos.common.labels - default nacos collect properties raw labels: null
2026-06-30 12:04:16.726 [main] INFO  com.alibaba.nacos.common.labels - default nacos collect properties labels: {}
2026-06-30 12:04:16.727 [main] INFO  com.alibaba.nacos.common.labels - default nacos collect jvm raw labels: null
2026-06-30 12:04:16.727 [main] INFO  com.alibaba.nacos.common.labels - default nacos collect jvm labels: {}
2026-06-30 12:04:16.728 [main] INFO  com.alibaba.nacos.common.labels - default nacos collect env raw labels: null
2026-06-30 12:04:16.729 [main] INFO  com.alibaba.nacos.common.labels - default nacos collect env labels: {}
2026-06-30 12:04:16.731 [main] INFO  com.alibaba.nacos.common.labels - DefaultLabelsCollectorManager get labels finished,labels :{}
2026-06-30 12:04:16.768 [main] INFO  c.a.n.p.auth.spi.client.ClientAuthPluginManager - [ClientAuthPluginManager] Load ClientAuthService com.alibaba.nacos.client.auth.impl.NacosClientAuthServiceImpl success.
2026-06-30 12:04:16.768 [main] INFO  c.a.n.p.auth.spi.client.ClientAuthPluginManager - [ClientAuthPluginManager] Load ClientAuthService com.alibaba.nacos.client.auth.ram.RamClientAuthServiceImpl success.
2026-06-30 12:04:16.783 [main] INFO  c.a.n.client.config.impl.LocalConfigInfoProcessor - LOCAL_SNAPSHOT_PATH:C:\Users\T480S\nacos\config
2026-06-30 12:04:16.793 [main] INFO  com.alibaba.nacos.common.remote.client - [RpcClientFactory] create a new rpc client of 09877d00-b2a9-4d42-b45c-f97fb7cc6c15_config-0
2026-06-30 12:04:16.843 [main] INFO  com.alibaba.nacos.common.remote.client - [09877d00-b2a9-4d42-b45c-f97fb7cc6c15_config-0] Register server push request handler:com.alibaba.nacos.client.config.impl.ClientWorker$ConfigRpcTransportClient$$Lambda/0x00000283c7353a68
2026-06-30 12:04:16.844 [main] INFO  com.alibaba.nacos.common.remote.client - [09877d00-b2a9-4d42-b45c-f97fb7cc6c15_config-0] Register server push request handler:com.alibaba.nacos.client.config.impl.ClientWorker$ConfigRpcTransportClient$$Lambda/0x00000283c7353e78
2026-06-30 12:04:16.845 [main] INFO  com.alibaba.nacos.common.remote.client - [09877d00-b2a9-4d42-b45c-f97fb7cc6c15_config-0] Registry connection listener to current client:com.alibaba.nacos.client.config.impl.ClientWorker$ConfigRpcTransportClient$1
2026-06-30 12:04:16.845 [main] INFO  com.alibaba.nacos.common.remote.client - [09877d00-b2a9-4d42-b45c-f97fb7cc6c15_config-0] RpcClient init, ServerListFactory = com.alibaba.nacos.client.config.impl.ClientWorker$ConfigRpcTransportClient$2
2026-06-30 12:04:16.862 [main] INFO  com.alibaba.nacos.common.remote.client - [09877d00-b2a9-4d42-b45c-f97fb7cc6c15_config-0] Try to connect to server on start up, server: {serverIp = '127.0.0.1', server main port = 8848}
2026-06-30 12:04:17.005 [main] INFO  c.a.nacos.common.remote.client.grpc.GrpcClient - grpc client connection server:127.0.0.1 ip,serverPort:9848,grpcTslConfig:{"sslProvider":"","enableTls":false,"mutualAuthEnable":false,"trustAll":false}
2026-06-30 12:04:18.411 [main] INFO  c.a.n.common.ability.AbstractAbilityControlManager - Ready to get current node abilities...
2026-06-30 12:04:18.416 [main] INFO  c.a.n.common.ability.AbstractAbilityControlManager - Ready to initialize current node abilities, support modes: [SDK_CLIENT]
2026-06-30 12:04:18.418 [main] INFO  c.a.n.common.ability.AbstractAbilityControlManager - Initialize current abilities finish...
2026-06-30 12:04:18.419 [main] INFO  c.a.n.c.ability.discover.NacosAbilityManagerHolder - [AbilityControlManager] Successfully initialize AbilityControlManager
2026-06-30 12:04:18.461 [main] INFO  com.alibaba.nacos.common.remote.client - [09877d00-b2a9-4d42-b45c-f97fb7cc6c15_config-0] Success to connect to server [127.0.0.1:8848] on start up, connectionId = 1782792258200_127.0.0.1_60355
2026-06-30 12:04:18.463 [com.alibaba.nacos.client.remote.worker.0] INFO  com.alibaba.nacos.common.remote.client - [09877d00-b2a9-4d42-b45c-f97fb7cc6c15_config-0] Notify connected event to listeners.
2026-06-30 12:04:18.463 [com.alibaba.nacos.client.remote.worker.0] INFO  com.alibaba.nacos.client.config.impl.ClientWorker - [09877d00-b2a9-4d42-b45c-f97fb7cc6c15_config-0] Connected,notify listen context...
2026-06-30 12:04:18.463 [main] INFO  com.alibaba.nacos.common.remote.client - [09877d00-b2a9-4d42-b45c-f97fb7cc6c15_config-0] Register server push request handler:com.alibaba.nacos.common.remote.client.RpcClient$ConnectResetRequestHandler
2026-06-30 12:04:18.465 [main] INFO  com.alibaba.nacos.common.remote.client - [09877d00-b2a9-4d42-b45c-f97fb7cc6c15_config-0] Register server push request handler:com.alibaba.nacos.common.remote.client.RpcClient$$Lambda/0x00000283c74bb8c0
2026-06-30 12:04:18.579 [main] INFO  com.alibaba.nacos.client.config.impl.Limiter - limitTime:5.0
2026-06-30 12:04:18.614 [main] WARN  c.a.cloud.nacos.client.NacosPropertySourceBuilder - Ignore the empty nacos configuration and get it based on dataId[psi-purchase] & group[DEFAULT_GROUP]
2026-06-30 12:04:18.624 [main] WARN  c.a.cloud.nacos.client.NacosPropertySourceBuilder - Ignore the empty nacos configuration and get it based on dataId[psi-purchase.properties] & group[DEFAULT_GROUP]
2026-06-30 12:04:18.632 [main] WARN  c.a.cloud.nacos.client.NacosPropertySourceBuilder - Ignore the empty nacos configuration and get it based on dataId[psi-purchase-dev.properties] & group[DEFAULT_GROUP]
2026-06-30 12:04:18.634 [main] INFO  o.s.c.b.c.PropertySourceBootstrapConfiguration - Located property source: [BootstrapPropertySource {name='bootstrapProperties-psi-purchase-dev.properties,DEFAULT_GROUP'}, BootstrapPropertySource {name='bootstrapProperties-psi-purchase.properties,DEFAULT_GROUP'}, BootstrapPropertySource {name='bootstrapProperties-psi-purchase,DEFAULT_GROUP'}]
2026-06-30 12:04:18.652 [main] INFO  com.psi.purchase.PurchaseApplication - The following 1 profile is active: "dev"
2026-06-30 12:04:20.688 [main] INFO  o.springframework.cloud.context.scope.GenericScope - BeanFactory id=d0dd441a-224c-3b34-884a-aa7afd657716
2026-06-30 12:04:21.694 [main] INFO  o.s.boot.web.embedded.tomcat.TomcatWebServer - Tomcat initialized with port 8090 (http)
2026-06-30 12:04:21.725 [main] INFO  org.apache.coyote.http11.Http11NioProtocol - Initializing ProtocolHandler ["http-nio-8090"]
2026-06-30 12:04:21.729 [main] INFO  org.apache.catalina.core.StandardService - Starting service [Tomcat]
2026-06-30 12:04:21.730 [main] INFO  org.apache.catalina.core.StandardEngine - Starting Servlet engine: [Apache Tomcat/10.1.20]
2026-06-30 12:04:21.839 [main] INFO  o.a.c.core.ContainerBase.[Tomcat].[localhost].[/] - Initializing Spring embedded WebApplicationContext
2026-06-30 12:04:21.841 [main] INFO  o.s.b.w.s.c.ServletWebServerApplicationContext - Root WebApplicationContext: initialization completed in 3151 ms
2026-06-30 12:04:22.893 [main] INFO  com.zaxxer.hikari.HikariDataSource - HikariPool-1 - Starting...
2026-06-30 12:04:23.361 [main] INFO  com.zaxxer.hikari.pool.HikariPool - HikariPool-1 - Added connection com.mysql.cj.jdbc.ConnectionImpl@5e80d5
2026-06-30 12:04:23.368 [main] INFO  com.zaxxer.hikari.HikariDataSource - HikariPool-1 - Start completed.
2026-06-30 12:04:23.452 [main] INFO  org.flywaydb.core.FlywayExecutor - Database: jdbc:mysql://localhost:3306/psi_purchase (MySQL 8.0)
2026-06-30 12:04:23.528 [main] INFO  org.flywaydb.core.internal.command.DbValidate - Successfully validated 1 migration (execution time 00:00.039s)
2026-06-30 12:04:23.554 [main] INFO  org.flywaydb.core.internal.command.DbMigrate - Current version of schema `psi_purchase`: 1
2026-06-30 12:04:23.564 [main] INFO  org.flywaydb.core.internal.command.DbMigrate - Schema `psi_purchase` is up to date. No migration necessary.
 _ _   |_  _ _|_. ___ _ |    _ 
| | |\/|_)(_| | |_\  |_)||_|_\ 
     /               |         
                        3.5.6 
2026-06-30 12:04:25.293 [main] INFO  c.psi.common.mq.autoconfigure.MQAutoConfiguration - TtlRabbitTemplate configured
2026-06-30 12:04:26.610 [main] INFO  c.p.c.nacos.autoconfigure.NacosAutoConfiguration - [PSI-Nacos-Starter] 初始化成功 ✅ SpringBoot3.3.10 专用
2026-06-30 12:04:26.642 [main] INFO  c.p.c.async.autoconfigure.AsyncAutoConfiguration - Async executor initialized with TTL wrapper: corePoolSize=4, maxPoolSize=8, queueCapacity=1000
2026-06-30 12:04:26.741 [main] INFO  c.p.c.m.a.RabbitBindingAutoConfiguration - 声明公共交换机: common.exchange
2026-06-30 12:04:26.747 [main] INFO  c.p.c.m.a.RabbitBindingAutoConfiguration - 声明绑定关系: common.exchange -> common.queue (common.routing)
2026-06-30 12:04:26.750 [main] INFO  c.p.c.m.a.RabbitBindingAutoConfiguration - 声明公共死信交换机: common.dlx.exchange
2026-06-30 12:04:26.751 [main] INFO  c.p.c.m.a.RabbitBindingAutoConfiguration - 声明公共死信队列: common.dlx.queue
2026-06-30 12:04:26.753 [main] INFO  c.p.c.m.a.RabbitBindingAutoConfiguration - 声明绑定关系: common.dlx.exchange -> common.dlx.queue (common.dlx.routing)
2026-06-30 12:04:26.755 [main] INFO  c.p.c.m.a.RabbitBindingAutoConfiguration - 声明消息记录交换机: psi.message.record
2026-06-30 12:04:26.759 [main] INFO  c.p.c.m.a.RabbitBindingAutoConfiguration - 声明绑定关系: psi.message.record -> psi.message.record.queue (message.record)
2026-06-30 12:04:26.760 [main] INFO  c.p.c.m.a.RabbitBindingAutoConfiguration - 声明登录日志交换机: system.login.log.exchange
2026-06-30 12:04:26.763 [main] INFO  c.p.c.m.a.RabbitBindingAutoConfiguration - 声明绑定关系: system.login.log.exchange -> system.login.log.queue (login.log)
2026-06-30 12:04:26.764 [main] INFO  c.p.c.m.a.RabbitBindingAutoConfiguration - 声明流程完成交换机(订单): flow.completed.order.exchange
2026-06-30 12:04:26.768 [main] INFO  c.p.c.m.a.RabbitBindingAutoConfiguration - 声明绑定关系: flow.completed.order.exchange -> flow.completed.order.queue (flow.completed.order)
2026-06-30 12:04:26.770 [main] INFO  c.p.c.m.a.RabbitBindingAutoConfiguration - 声明流程完成交换机(商品): flow.completed.goods.exchange
2026-06-30 12:04:26.772 [main] INFO  c.p.c.m.a.RabbitBindingAutoConfiguration - 声明绑定关系: flow.completed.goods.exchange -> flow.completed.goods.queue (flow.completed.goods)
2026-06-30 12:04:26.774 [main] INFO  c.p.c.m.a.RabbitBindingAutoConfiguration - 声明流程完成交换机(库存): flow.completed.stock.exchange
2026-06-30 12:04:26.777 [main] INFO  c.p.c.m.a.RabbitBindingAutoConfiguration - 声明绑定关系: flow.completed.stock.exchange -> flow.completed.stock.queue (flow.completed.stock)
2026-06-30 12:04:26.778 [main] INFO  c.p.c.m.a.RabbitBindingAutoConfiguration - 声明流程完成交换机(通用): flow.completed.common.exchange
2026-06-30 12:04:26.781 [main] INFO  c.p.c.m.a.RabbitBindingAutoConfiguration - 声明绑定关系: flow.completed.common.exchange -> flow.completed.common.queue (flow.completed.common)
2026-06-30 12:04:26.797 [main] INFO  c.p.c.m.a.RabbitBindingAutoConfiguration - 声明收银业务交换机: psi.sale.cashier.exchange
2026-06-30 12:04:26.800 [main] INFO  c.p.c.m.a.RabbitBindingAutoConfiguration - 声明绑定关系: psi.sale.cashier.exchange -> psi.sale.cashier.finance.queue (cashier.finance)
2026-06-30 12:04:26.804 [main] INFO  c.p.c.m.a.RabbitBindingAutoConfiguration - 声明绑定关系: psi.sale.cashier.exchange -> psi.sale.cashier.stock.queue (cashier.stock)
2026-06-30 12:04:26.805 [main] INFO  c.p.c.m.a.RabbitBindingAutoConfiguration - 声明销售订单交换机: psi.sale.order.exchange
2026-06-30 12:04:26.810 [main] INFO  c.p.c.m.a.RabbitBindingAutoConfiguration - 声明绑定关系: psi.sale.order.exchange -> psi.sale.order.finance.queue (sale.order.finance)
2026-06-30 12:04:26.813 [main] INFO  c.p.c.m.a.RabbitBindingAutoConfiguration - 声明绑定关系: psi.sale.order.exchange -> psi.sale.order.stock.queue (sale.order.stock)
2026-06-30 12:04:26.816 [main] INFO  c.p.c.m.a.RabbitBindingAutoConfiguration - 声明绑定关系: psi.sale.order.exchange -> psi.sale.order.release.queue (sale.order.release)
2026-06-30 12:04:26.818 [main] INFO  c.p.c.m.a.RabbitBindingAutoConfiguration - 声明销售出库交换机: psi.sale.out.exchange
2026-06-30 12:04:26.821 [main] INFO  c.p.c.m.a.RabbitBindingAutoConfiguration - 声明绑定关系: psi.sale.out.exchange -> psi.sale.out.finance.queue (sale.out.finance)
2026-06-30 12:04:26.823 [main] INFO  c.p.c.m.a.RabbitBindingAutoConfiguration - 声明绑定关系: psi.sale.out.exchange -> psi.sale.out.stock.queue (sale.out.stock)
2026-06-30 12:04:26.824 [main] INFO  c.p.c.m.a.RabbitBindingAutoConfiguration - 声明销售退货交换机: psi.sale.return.exchange
2026-06-30 12:04:26.827 [main] INFO  c.p.c.m.a.RabbitBindingAutoConfiguration - 声明绑定关系: psi.sale.return.exchange -> psi.sale.return.finance.queue (sale.return.finance)
2026-06-30 12:04:26.829 [main] INFO  c.p.c.m.a.RabbitBindingAutoConfiguration - 声明绑定关系: psi.sale.return.exchange -> psi.sale.return.stock.queue (sale.return.stock)
2026-06-30 12:04:26.830 [main] INFO  c.p.c.m.a.RabbitBindingAutoConfiguration - 声明上行同步交换机: psi.sync.up.exchange
2026-06-30 12:04:26.833 [main] INFO  c.p.c.m.a.RabbitBindingAutoConfiguration - 声明绑定关系: psi.sync.up.exchange -> psi.sync.up.queue (sync.up)
2026-06-30 12:04:26.834 [main] INFO  c.p.c.m.a.RabbitBindingAutoConfiguration - 声明商品上行同步队列: psi.goods.sync.up.queue
2026-06-30 12:04:26.836 [main] INFO  c.p.c.m.a.RabbitBindingAutoConfiguration - 声明绑定关系: psi.sync.up.exchange -> psi.goods.sync.up.queue (sync.up.goods)
2026-06-30 12:04:26.838 [main] INFO  c.p.c.m.a.RabbitBindingAutoConfiguration - 声明上行同步客户队列: psi.sync.up.customer.queue
2026-06-30 12:04:26.840 [main] INFO  c.p.c.m.a.RabbitBindingAutoConfiguration - 声明绑定关系: psi.sync.up.exchange -> psi.sync.up.customer.queue (sync.up.customer)
2026-06-30 12:04:26.842 [main] INFO  c.p.c.m.a.RabbitBindingAutoConfiguration - 声明下行同步交换机: psi.sync.down.exchange
2026-06-30 12:04:26.843 [main] INFO  c.p.c.m.a.RabbitBindingAutoConfiguration - 声明下行同步队列: psi.sync.down.queue
2026-06-30 12:04:26.846 [main] INFO  c.p.c.m.a.RabbitBindingAutoConfiguration - 声明绑定关系: psi.sync.down.exchange -> psi.sync.down.queue (sync.down)
2026-06-30 12:04:26.850 [main] INFO  c.p.c.tenant.autoconfigure.TenantAutoConfiguration - Tenant context auto-configuration enabled. Required: false, DefaultTenantId: default
2026-06-30 12:04:27.307 [main] INFO  org.apache.coyote.http11.Http11NioProtocol - Starting ProtocolHandler ["http-nio-8090"]
2026-06-30 12:04:27.340 [main] INFO  o.s.boot.web.embedded.tomcat.TomcatWebServer - Tomcat started on port 8090 (http) with context path ''
2026-06-30 12:04:27.352 [main] INFO  com.alibaba.nacos.client.naming - initializer namespace from ans.namespace attribute : null
2026-06-30 12:04:27.353 [main] INFO  com.alibaba.nacos.client.naming - initializer namespace from ALIBABA_ALIWARE_NAMESPACE attribute :null
2026-06-30 12:04:27.354 [main] INFO  com.alibaba.nacos.client.naming - initializer namespace from namespace attribute :null
2026-06-30 12:04:27.370 [main] INFO  com.alibaba.nacos.client.naming - FailoverDataSource type is class com.alibaba.nacos.client.naming.backups.datasource.DiskFailoverDataSource
2026-06-30 12:04:27.383 [main] INFO  c.a.n.p.auth.spi.client.ClientAuthPluginManager - [ClientAuthPluginManager] Load ClientAuthService com.alibaba.nacos.client.auth.impl.NacosClientAuthServiceImpl success.
2026-06-30 12:04:27.383 [main] INFO  c.a.n.p.auth.spi.client.ClientAuthPluginManager - [ClientAuthPluginManager] Load ClientAuthService com.alibaba.nacos.client.auth.ram.RamClientAuthServiceImpl success.
2026-06-30 12:04:27.402 [main] INFO  com.alibaba.nacos.common.remote.client - [RpcClientFactory] create a new rpc client of 78ac799a-17d3-468a-93be-ffd6cb9f0950
2026-06-30 12:04:27.408 [main] INFO  com.alibaba.nacos.client.naming - Create naming rpc client for uuid->78ac799a-17d3-468a-93be-ffd6cb9f0950
2026-06-30 12:04:27.411 [main] INFO  com.alibaba.nacos.common.remote.client - [78ac799a-17d3-468a-93be-ffd6cb9f0950] RpcClient init, ServerListFactory = com.alibaba.nacos.client.naming.core.ServerListManager
2026-06-30 12:04:27.414 [main] INFO  com.alibaba.nacos.common.remote.client - [78ac799a-17d3-468a-93be-ffd6cb9f0950] Registry connection listener to current client:com.alibaba.nacos.client.naming.remote.gprc.redo.NamingGrpcRedoService
2026-06-30 12:04:27.417 [main] INFO  com.alibaba.nacos.common.remote.client - [78ac799a-17d3-468a-93be-ffd6cb9f0950] Register server push request handler:com.alibaba.nacos.client.naming.remote.gprc.NamingPushRequestHandler
2026-06-30 12:04:27.421 [main] INFO  com.alibaba.nacos.common.remote.client - [78ac799a-17d3-468a-93be-ffd6cb9f0950] Try to connect to server on start up, server: {serverIp = '127.0.0.1', server main port = 8848}
2026-06-30 12:04:27.422 [main] INFO  c.a.nacos.common.remote.client.grpc.GrpcClient - grpc client connection server:127.0.0.1 ip,serverPort:9848,grpcTslConfig:{"sslProvider":"","enableTls":false,"mutualAuthEnable":false,"trustAll":false}
2026-06-30 12:04:27.448 [main] INFO  com.alibaba.nacos.common.remote.client - [78ac799a-17d3-468a-93be-ffd6cb9f0950] Success to connect to server [127.0.0.1:8848] on start up, connectionId = 1782792267433_127.0.0.1_53285
2026-06-30 12:04:27.450 [main] INFO  com.alibaba.nacos.common.remote.client - [78ac799a-17d3-468a-93be-ffd6cb9f0950] Register server push request handler:com.alibaba.nacos.common.remote.client.RpcClient$ConnectResetRequestHandler
2026-06-30 12:04:27.450 [com.alibaba.nacos.client.remote.worker.0] INFO  com.alibaba.nacos.common.remote.client - [78ac799a-17d3-468a-93be-ffd6cb9f0950] Notify connected event to listeners.
2026-06-30 12:04:27.450 [main] INFO  com.alibaba.nacos.common.remote.client - [78ac799a-17d3-468a-93be-ffd6cb9f0950] Register server push request handler:com.alibaba.nacos.common.remote.client.RpcClient$$Lambda/0x00000283c74bb8c0
2026-06-30 12:04:27.450 [com.alibaba.nacos.client.remote.worker.0] INFO  com.alibaba.nacos.client.naming - Grpc connection connect
2026-06-30 12:04:27.453 [main] INFO  com.alibaba.nacos.client.naming - [REGISTER-SERVICE] public registering service psi-purchase with instance Instance{instanceId='null', ip='192.168.1.135', port=8090, weight=1.0, healthy=true, enabled=true, ephemeral=true, clusterName='', serviceName='null', metadata={IPv6=[240a:42c9:7001:325:bd3c:7771:960e:2854], preserved.register.source=SPRING_CLOUD}}
2026-06-30 12:04:27.483 [main] INFO  c.a.cloud.nacos.registry.NacosServiceRegistry - nacos registry, DEFAULT_GROUP psi-purchase 192.168.1.135:8090 register finished
2026-06-30 12:04:27.511 [main] INFO  o.s.a.rabbit.connection.CachingConnectionFactory - Attempting to connect to: [localhost:5672]
2026-06-30 12:04:27.625 [main] INFO  o.s.a.rabbit.connection.CachingConnectionFactory - Created new connection: rabbitConnectionFactory#4a1934e2:0/SimpleConnection@6b35b0f4 [delegate=amqp://guest@127.0.0.1:5672/, localPort=53286]
2026-06-30 12:04:27.838 [main] INFO  com.psi.purchase.PurchaseApplication - Started PurchaseApplication in 16.276 seconds (process running for 18.116)
2026-06-30 12:04:27.852 [main] INFO  com.alibaba.nacos.client.config.impl.CacheData - config listener notify warn timeout millis use default 60000 millis 
2026-06-30 12:04:27.853 [main] INFO  com.alibaba.nacos.client.config.impl.CacheData - nacos.cache.data.init.snapshot = true 
2026-06-30 12:04:27.854 [main] INFO  com.alibaba.nacos.client.config.impl.ClientWorker - [fixed-127.0.0.1_8848] [subscribe] psi-purchase+DEFAULT_GROUP
2026-06-30 12:04:27.856 [scheduling-1] INFO  com.psi.common.service.BaseUpSyncDownloadService - [purchase] 开始拉取上行同步数据: lastTime=2026-06-30 11:04:27
2026-06-30 12:04:27.880 [main] INFO  com.alibaba.nacos.client.config.impl.CacheData - [fixed-127.0.0.1_8848] [add-listener] ok, tenant=, dataId=psi-purchase, group=DEFAULT_GROUP, cnt=1
2026-06-30 12:04:27.880 [main] INFO  c.a.cloud.nacos.refresh.NacosContextRefresher - [Nacos Config] Listening config: dataId=psi-purchase, group=DEFAULT_GROUP
2026-06-30 12:04:27.881 [main] INFO  com.alibaba.nacos.client.config.impl.ClientWorker - [fixed-127.0.0.1_8848] [subscribe] psi-purchase-dev.properties+DEFAULT_GROUP
2026-06-30 12:04:27.881 [main] INFO  com.alibaba.nacos.client.config.impl.CacheData - [fixed-127.0.0.1_8848] [add-listener] ok, tenant=, dataId=psi-purchase-dev.properties, group=DEFAULT_GROUP, cnt=1
2026-06-30 12:04:27.881 [main] INFO  c.a.cloud.nacos.refresh.NacosContextRefresher - [Nacos Config] Listening config: dataId=psi-purchase-dev.properties, group=DEFAULT_GROUP
2026-06-30 12:04:27.883 [main] INFO  com.alibaba.nacos.client.config.impl.ClientWorker - [fixed-127.0.0.1_8848] [subscribe] psi-purchase.properties+DEFAULT_GROUP
2026-06-30 12:04:27.884 [main] INFO  com.alibaba.nacos.client.config.impl.CacheData - [fixed-127.0.0.1_8848] [add-listener] ok, tenant=, dataId=psi-purchase.properties, group=DEFAULT_GROUP, cnt=1
2026-06-30 12:04:27.884 [main] INFO  c.a.cloud.nacos.refresh.NacosContextRefresher - [Nacos Config] Listening config: dataId=psi-purchase.properties, group=DEFAULT_GROUP
2026-06-30 12:04:47.444 [http-nio-8090-exec-1] INFO  o.a.c.core.ContainerBase.[Tomcat].[localhost].[/] - Initializing Spring DispatcherServlet 'dispatcherServlet'
2026-06-30 12:04:47.446 [http-nio-8090-exec-1] INFO  org.springframework.web.servlet.DispatcherServlet - Initializing Servlet 'dispatcherServlet'
2026-06-30 12:04:47.448 [http-nio-8090-exec-1] INFO  org.springframework.web.servlet.DispatcherServlet - Completed initialization in 2 ms
2026-06-30 12:04:57.943 [scheduling-1] INFO  com.psi.common.service.BaseUpSyncDownloadService - [purchase] 开始拉取上行同步数据: lastTime=2026-06-30 12:04:27
2026-06-30 12:05:22.148 [http-nio-8090-exec-5] INFO  c.psi.purchase.controller.PurchaseUpSyncController - [purchase] manual trigger up sync download
2026-06-30 12:05:22.149 [http-nio-8090-exec-5] INFO  com.psi.common.service.BaseUpSyncDownloadService - [purchase] 开始拉取上行同步数据: lastTime=2026-06-30 12:04:57
2026-06-30 12:05:22.162 [http-nio-8090-exec-5] INFO  com.psi.common.service.BaseUpSyncDownloadService - [purchase] 拉取到 2 条上行数据
2026-06-30 12:05:22.164 [http-nio-8090-exec-5] INFO  c.p.purchase.service.PurchaseUpSyncDownloadService - [purchase] process up data: tableName=purchase_in_main, batchUuid=031a2c3357824dd3a3f4bbbfbe6a5201
2026-06-30 12:05:22.173 [http-nio-8090-exec-5] INFO  c.p.purchase.service.PurchaseUpSyncDownloadService - [purchase] process up data: tableName=purchase_in_item, batchUuid=aeb1d3f1f014472faa8adbb9af77bfe9
2026-06-30 12:05:22.219 [http-nio-8090-exec-5] INFO  com.psi.common.service.BaseUpSyncDownloadService - [purchase] 批量确认完成: 2/2
2026-06-30 12:05:22.419 [http-nio-8090-exec-5] INFO  c.p.purchase.service.PurchaseUpSyncDownloadService - [purchase] 批量处理采购入库后置业务: count=1
2026-06-30 12:05:22.487 [http-nio-8090-exec-5] INFO  c.p.purchase.service.PurchaseUpSyncDownloadService - [purchase] 采购入库单已保存: inNo=PI_UP_002, id=55236
2026-06-30 12:05:22.559 [http-nio-8090-exec-5] INFO  c.p.p.service.impl.PurchaseInMainServiceImpl - 采购入库库存增加消息已发送: inNo=PI_UP_002
2026-06-30 12:05:22.567 [http-nio-8090-exec-5] INFO  c.p.purchase.service.PurchaseUpSyncDownloadService - [purchase] 采购入库库存增加完成: inNo=PI_UP_002
2026-06-30 12:05:27.957 [scheduling-1] INFO  com.psi.common.service.BaseUpSyncDownloadService - [purchase] 开始拉取上行同步数据: lastTime=2026-06-30 12:05:22
2026-06-30 12:05:46.930 [http-nio-8090-exec-6] INFO  c.psi.purchase.controller.PurchaseUpSyncController - [purchase] manual trigger up sync download
2026-06-30 12:05:46.930 [http-nio-8090-exec-6] INFO  com.psi.common.service.BaseUpSyncDownloadService - [purchase] 开始拉取上行同步数据: lastTime=2026-06-30 12:05:27
2026-06-30 12:05:46.943 [http-nio-8090-exec-6] INFO  com.psi.common.service.BaseUpSyncDownloadService - [purchase] 拉取到 2 条上行数据
2026-06-30 12:05:46.944 [http-nio-8090-exec-6] INFO  c.p.purchase.service.PurchaseUpSyncDownloadService - [purchase] process up data: tableName=purchase_return_main, batchUuid=f394880abff944feb30c8cdd474dd0b1
2026-06-30 12:05:46.949 [http-nio-8090-exec-6] INFO  c.p.purchase.service.PurchaseUpSyncDownloadService - [purchase] process up data: tableName=purchase_return_item, batchUuid=7c0b0525a09c4f5a9e8a3079c9ed90e3
2026-06-30 12:05:46.982 [http-nio-8090-exec-6] INFO  com.psi.common.service.BaseUpSyncDownloadService - [purchase] 批量确认完成: 2/2
2026-06-30 12:05:46.990 [http-nio-8090-exec-6] INFO  c.p.purchase.service.PurchaseUpSyncDownloadService - [purchase] 批量处理采购退货后置业务: count=1
2026-06-30 12:05:47.016 [http-nio-8090-exec-6] INFO  c.p.purchase.service.PurchaseUpSyncDownloadService - [purchase] 采购退货单已保存: returnNo=PR_UP_001, id=6
2026-06-30 12:05:47.034 [http-nio-8090-exec-6] INFO  c.p.p.service.impl.PurchaseReturnMainServiceImpl - 采购退货库存扣减消息已发送: returnNo=PR_UP_001
2026-06-30 12:05:47.037 [http-nio-8090-exec-6] INFO  c.p.purchase.service.PurchaseUpSyncDownloadService - [purchase] 采购退货库存扣减完成: returnNo=PR_UP_001
2026-06-30 12:05:57.981 [scheduling-1] INFO  com.psi.common.service.BaseUpSyncDownloadService - [purchase] 开始拉取上行同步数据: lastTime=2026-06-30 12:05:47
2026-06-30 12:06:28.001 [scheduling-1] INFO  com.psi.common.service.BaseUpSyncDownloadService - [purchase] 开始拉取上行同步数据: lastTime=2026-06-30 12:05:57
2026-06-30 12:06:58.011 [scheduling-1] INFO  com.psi.common.service.BaseUpSyncDownloadService - [purchase] 开始拉取上行同步数据: lastTime=2026-06-30 12:06:28
2026-06-30 12:07:28.037 [scheduling-1] INFO  com.psi.common.service.BaseUpSyncDownloadService - [purchase] 开始拉取上行同步数据: lastTime=2026-06-30 12:06:58
2026-06-30 12:07:58.062 [scheduling-1] INFO  com.psi.common.service.BaseUpSyncDownloadService - [purchase] 开始拉取上行同步数据: lastTime=2026-06-30 12:07:28
2026-06-30 12:08:28.073 [scheduling-1] INFO  com.psi.common.service.BaseUpSyncDownloadService - [purchase] 开始拉取上行同步数据: lastTime=2026-06-30 12:07:58
2026-06-30 12:08:58.095 [scheduling-1] INFO  com.psi.common.service.BaseUpSyncDownloadService - [purchase] 开始拉取上行同步数据: lastTime=2026-06-30 12:08:28
2026-06-30 12:09:28.109 [scheduling-1] INFO  com.psi.common.service.BaseUpSyncDownloadService - [purchase] 开始拉取上行同步数据: lastTime=2026-06-30 12:08:58
2026-06-30 12:09:58.123 [scheduling-1] INFO  com.psi.common.service.BaseUpSyncDownloadService - [purchase] 开始拉取上行同步数据: lastTime=2026-06-30 12:09:28
2026-06-30 12:10:28.141 [scheduling-1] INFO  com.psi.common.service.BaseUpSyncDownloadService - [purchase] 开始拉取上行同步数据: lastTime=2026-06-30 12:09:58
2026-06-30 12:10:58.160 [scheduling-1] INFO  com.psi.common.service.BaseUpSyncDownloadService - [purchase] 开始拉取上行同步数据: lastTime=2026-06-30 12:10:28
2026-06-30 12:11:28.182 [scheduling-1] INFO  com.psi.common.service.BaseUpSyncDownloadService - [purchase] 开始拉取上行同步数据: lastTime=2026-06-30 12:10:58
2026-06-30 12:11:58.203 [scheduling-1] INFO  com.psi.common.service.BaseUpSyncDownloadService - [purchase] 开始拉取上行同步数据: lastTime=2026-06-30 12:11:28
2026-06-30 12:12:28.223 [scheduling-1] INFO  com.psi.common.service.BaseUpSyncDownloadService - [purchase] 开始拉取上行同步数据: lastTime=2026-06-30 12:11:58
2026-06-30 12:12:58.256 [scheduling-1] INFO  com.psi.common.service.BaseUpSyncDownloadService - [purchase] 开始拉取上行同步数据: lastTime=2026-06-30 12:12:28
2026-06-30 12:13:28.274 [scheduling-1] INFO  com.psi.common.service.BaseUpSyncDownloadService - [purchase] 开始拉取上行同步数据: lastTime=2026-06-30 12:12:58
2026-06-30 12:13:58.285 [scheduling-1] INFO  com.psi.common.service.BaseUpSyncDownloadService - [purchase] 开始拉取上行同步数据: lastTime=2026-06-30 12:13:28
2026-06-30 12:14:28.312 [scheduling-1] INFO  com.psi.common.service.BaseUpSyncDownloadService - [purchase] 开始拉取上行同步数据: lastTime=2026-06-30 12:13:58
2026-06-30 12:14:58.337 [scheduling-1] INFO  com.psi.common.service.BaseUpSyncDownloadService - [purchase] 开始拉取上行同步数据: lastTime=2026-06-30 12:14:28
2026-06-30 12:15:28.361 [scheduling-1] INFO  com.psi.common.service.BaseUpSyncDownloadService - [purchase] 开始拉取上行同步数据: lastTime=2026-06-30 12:14:58
2026-06-30 12:15:58.381 [scheduling-1] INFO  com.psi.common.service.BaseUpSyncDownloadService - [purchase] 开始拉取上行同步数据: lastTime=2026-06-30 12:15:28
2026-06-30 12:16:28.396 [scheduling-1] INFO  com.psi.common.service.BaseUpSyncDownloadService - [purchase] 开始拉取上行同步数据: lastTime=2026-06-30 12:15:58
2026-06-30 12:16:58.409 [scheduling-1] INFO  com.psi.common.service.BaseUpSyncDownloadService - [purchase] 开始拉取上行同步数据: lastTime=2026-06-30 12:16:28
2026-06-30 12:17:28.426 [scheduling-1] INFO  com.psi.common.service.BaseUpSyncDownloadService - [purchase] 开始拉取上行同步数据: lastTime=2026-06-30 12:16:58
2026-06-30 12:17:58.450 [scheduling-1] INFO  com.psi.common.service.BaseUpSyncDownloadService - [purchase] 开始拉取上行同步数据: lastTime=2026-06-30 12:17:28
2026-06-30 12:18:28.479 [scheduling-1] INFO  com.psi.common.service.BaseUpSyncDownloadService - [purchase] 开始拉取上行同步数据: lastTime=2026-06-30 12:17:58
2026-06-30 12:18:58.499 [scheduling-1] INFO  com.psi.common.service.BaseUpSyncDownloadService - [purchase] 开始拉取上行同步数据: lastTime=2026-06-30 12:18:28
2026-06-30 12:19:28.543 [scheduling-1] INFO  com.psi.common.service.BaseUpSyncDownloadService - [purchase] 开始拉取上行同步数据: lastTime=2026-06-30 12:18:58
2026-06-30 12:19:58.564 [scheduling-1] INFO  com.psi.common.service.BaseUpSyncDownloadService - [purchase] 开始拉取上行同步数据: lastTime=2026-06-30 12:19:28
2026-06-30 12:20:28.571 [scheduling-1] INFO  com.psi.common.service.BaseUpSyncDownloadService - [purchase] 开始拉取上行同步数据: lastTime=2026-06-30 12:19:58
2026-06-30 12:20:58.594 [scheduling-1] INFO  com.psi.common.service.BaseUpSyncDownloadService - [purchase] 开始拉取上行同步数据: lastTime=2026-06-30 12:20:28
2026-06-30 12:21:28.612 [scheduling-1] INFO  com.psi.common.service.BaseUpSyncDownloadService - [purchase] 开始拉取上行同步数据: lastTime=2026-06-30 12:20:58
2026-06-30 12:21:58.632 [scheduling-1] INFO  com.psi.common.service.BaseUpSyncDownloadService - [purchase] 开始拉取上行同步数据: lastTime=2026-06-30 12:21:28
2026-06-30 12:22:28.649 [scheduling-1] INFO  com.psi.common.service.BaseUpSyncDownloadService - [purchase] 开始拉取上行同步数据: lastTime=2026-06-30 12:21:58
2026-06-30 12:22:58.674 [scheduling-1] INFO  com.psi.common.service.BaseUpSyncDownloadService - [purchase] 开始拉取上行同步数据: lastTime=2026-06-30 12:22:28
2026-06-30 12:23:28.698 [scheduling-1] INFO  com.psi.common.service.BaseUpSyncDownloadService - [purchase] 开始拉取上行同步数据: lastTime=2026-06-30 12:22:58
2026-06-30 12:23:58.737 [scheduling-1] INFO  com.psi.common.service.BaseUpSyncDownloadService - [purchase] 开始拉取上行同步数据: lastTime=2026-06-30 12:23:28
2026-06-30 12:24:28.757 [scheduling-1] INFO  com.psi.common.service.BaseUpSyncDownloadService - [purchase] 开始拉取上行同步数据: lastTime=2026-06-30 12:23:58
2026-06-30 12:24:58.773 [scheduling-1] INFO  com.psi.common.service.BaseUpSyncDownloadService - [purchase] 开始拉取上行同步数据: lastTime=2026-06-30 12:24:28
2026-06-30 12:25:28.782 [scheduling-1] INFO  com.psi.common.service.BaseUpSyncDownloadService - [purchase] 开始拉取上行同步数据: lastTime=2026-06-30 12:24:58
2026-06-30 12:25:58.797 [scheduling-1] INFO  com.psi.common.service.BaseUpSyncDownloadService - [purchase] 开始拉取上行同步数据: lastTime=2026-06-30 12:25:28
2026-06-30 12:26:28.809 [scheduling-1] INFO  com.psi.common.service.BaseUpSyncDownloadService - [purchase] 开始拉取上行同步数据: lastTime=2026-06-30 12:25:58
2026-06-30 12:26:58.816 [scheduling-1] INFO  com.psi.common.service.BaseUpSyncDownloadService - [purchase] 开始拉取上行同步数据: lastTime=2026-06-30 12:26:28
2026-06-30 12:27:28.825 [scheduling-1] INFO  com.psi.common.service.BaseUpSyncDownloadService - [purchase] 开始拉取上行同步数据: lastTime=2026-06-30 12:26:58
2026-06-30 12:27:58.837 [scheduling-1] INFO  com.psi.common.service.BaseUpSyncDownloadService - [purchase] 开始拉取上行同步数据: lastTime=2026-06-30 12:27:28
2026-06-30 12:28:28.859 [scheduling-1] INFO  com.psi.common.service.BaseUpSyncDownloadService - [purchase] 开始拉取上行同步数据: lastTime=2026-06-30 12:27:58
2026-06-30 12:28:58.880 [scheduling-1] INFO  com.psi.common.service.BaseUpSyncDownloadService - [purchase] 开始拉取上行同步数据: lastTime=2026-06-30 12:28:28
2026-06-30 12:29:28.901 [scheduling-1] INFO  com.psi.common.service.BaseUpSyncDownloadService - [purchase] 开始拉取上行同步数据: lastTime=2026-06-30 12:28:58
2026-06-30 14:13:38.014 [scheduling-1] INFO  com.psi.common.service.BaseUpSyncDownloadService - [purchase] 开始拉取上行同步数据: lastTime=2026-06-30 12:29:28
2026-06-30 14:13:40.310 [nacos-grpc-client-executor-127.0.0.1-311] INFO  com.alibaba.nacos.common.remote.client - [78ac799a-17d3-468a-93be-ffd6cb9f0950] Receive server push request, request = ClientDetectionRequest, requestId = 100
2026-06-30 14:13:40.311 [nacos-grpc-client-executor-127.0.0.1-311] INFO  com.alibaba.nacos.common.remote.client - [78ac799a-17d3-468a-93be-ffd6cb9f0950] Ack server push request, request = ClientDetectionRequest, requestId = 100
2026-06-30 14:14:03.050 [HikariPool-1 housekeeper] WARN  com.zaxxer.hikari.pool.HikariPool - HikariPool-1 - Thread starvation or clock leap detected (housekeeper delta=1h44m9s109ms367µs700ns).
2026-06-30 14:14:04.817 [http-nio-8090-exec-1] INFO  c.psi.purchase.controller.PurchaseUpSyncController - [purchase] manual trigger up sync download
2026-06-30 14:14:04.818 [http-nio-8090-exec-1] INFO  com.psi.common.service.BaseUpSyncDownloadService - [purchase] 开始拉取上行同步数据: lastTime=2026-06-30 14:13:38
2026-06-30 14:14:04.831 [http-nio-8090-exec-1] INFO  com.psi.common.service.BaseUpSyncDownloadService - [purchase] 拉取到 2 条上行数据
2026-06-30 14:14:04.831 [http-nio-8090-exec-1] INFO  c.p.purchase.service.PurchaseUpSyncDownloadService - [purchase] process up data: tableName=purchase_in_main, batchUuid=8f23ccf31fef438d94f5a9f61ce49469
2026-06-30 14:14:04.831 [http-nio-8090-exec-1] INFO  c.p.purchase.service.PurchaseUpSyncDownloadService - [purchase] process up data: tableName=purchase_in_item, batchUuid=347f7647aa8643cdb6153206d66c2703
2026-06-30 14:14:04.858 [http-nio-8090-exec-1] INFO  com.psi.common.service.BaseUpSyncDownloadService - [purchase] 批量确认完成: 2/2
2026-06-30 14:14:04.863 [http-nio-8090-exec-1] INFO  c.p.purchase.service.PurchaseUpSyncDownloadService - [purchase] 批量处理采购入库后置业务: count=1
2026-06-30 14:14:04.886 [http-nio-8090-exec-1] INFO  c.p.purchase.service.PurchaseUpSyncDownloadService - [purchase] 采购入库单已保存: inNo=PI_UP_003, id=55237
2026-06-30 14:14:04.902 [http-nio-8090-exec-1] INFO  c.p.p.service.impl.PurchaseInMainServiceImpl - 采购入库库存增加消息已发送: inNo=PI_UP_003
2026-06-30 14:14:04.919 [http-nio-8090-exec-1] INFO  c.p.purchase.service.PurchaseUpSyncDownloadService - [purchase] 采购入库库存增加完成: inNo=PI_UP_003
2026-06-30 14:14:08.458 [scheduling-1] INFO  com.psi.common.service.BaseUpSyncDownloadService - [purchase] 开始拉取上行同步数据: lastTime=2026-06-30 14:14:04
2026-06-30 14:14:38.473 [scheduling-1] INFO  com.psi.common.service.BaseUpSyncDownloadService - [purchase] 开始拉取上行同步数据: lastTime=2026-06-30 14:14:08
2026-06-30 14:15:08.496 [scheduling-1] INFO  com.psi.common.service.BaseUpSyncDownloadService - [purchase] 开始拉取上行同步数据: lastTime=2026-06-30 14:14:38
2026-06-30 14:15:38.518 [scheduling-1] INFO  com.psi.common.service.BaseUpSyncDownloadService - [purchase] 开始拉取上行同步数据: lastTime=2026-06-30 14:15:08
2026-06-30 14:16:08.542 [scheduling-1] INFO  com.psi.common.service.BaseUpSyncDownloadService - [purchase] 开始拉取上行同步数据: lastTime=2026-06-30 14:15:38
2026-06-30 14:16:10.091 [http-nio-8090-exec-1] INFO  c.psi.purchase.controller.PurchaseUpSyncController - [purchase] manual trigger up sync download
2026-06-30 14:16:10.092 [http-nio-8090-exec-1] INFO  com.psi.common.service.BaseUpSyncDownloadService - [purchase] 开始拉取上行同步数据: lastTime=2026-06-30 14:16:08
2026-06-30 14:16:10.103 [http-nio-8090-exec-1] INFO  com.psi.common.service.BaseUpSyncDownloadService - [purchase] 拉取到 2 条上行数据
2026-06-30 14:16:10.104 [http-nio-8090-exec-1] INFO  c.p.purchase.service.PurchaseUpSyncDownloadService - [purchase] process up data: tableName=purchase_in_main, batchUuid=861c0b9b34984faa81fffc549ff3bf69
2026-06-30 14:16:10.104 [http-nio-8090-exec-1] INFO  c.p.purchase.service.PurchaseUpSyncDownloadService - [purchase] process up data: tableName=purchase_in_item, batchUuid=d456cdd0c9b348b8824c91584c1beacc
2026-06-30 14:16:10.128 [http-nio-8090-exec-1] INFO  com.psi.common.service.BaseUpSyncDownloadService - [purchase] 批量确认完成: 2/2
2026-06-30 14:16:10.133 [http-nio-8090-exec-1] INFO  c.p.purchase.service.PurchaseUpSyncDownloadService - [purchase] 批量处理采购入库后置业务: count=1
2026-06-30 14:16:10.154 [http-nio-8090-exec-1] INFO  c.p.purchase.service.PurchaseUpSyncDownloadService - [purchase] 采购入库单已保存: inNo=PI_UP_002, id=55238
2026-06-30 14:16:10.172 [http-nio-8090-exec-1] INFO  c.p.p.service.impl.PurchaseInMainServiceImpl - 采购入库库存增加消息已发送: inNo=PI_UP_002
2026-06-30 14:16:10.175 [http-nio-8090-exec-1] INFO  c.p.purchase.service.PurchaseUpSyncDownloadService - [purchase] 采购入库库存增加完成: inNo=PI_UP_002
2026-06-30 14:16:20.215 [http-nio-8090-exec-4] INFO  c.psi.purchase.controller.PurchaseUpSyncController - [purchase] manual trigger up sync download
2026-06-30 14:16:20.217 [http-nio-8090-exec-4] INFO  com.psi.common.service.BaseUpSyncDownloadService - [purchase] 开始拉取上行同步数据: lastTime=2026-06-30 14:16:10
2026-06-30 14:16:20.227 [http-nio-8090-exec-4] INFO  com.psi.common.service.BaseUpSyncDownloadService - [purchase] 拉取到 2 条上行数据
2026-06-30 14:16:20.227 [http-nio-8090-exec-4] INFO  c.p.purchase.service.PurchaseUpSyncDownloadService - [purchase] process up data: tableName=purchase_return_main, batchUuid=ab7349057119446eb542e264da76d5b1
2026-06-30 14:16:20.228 [http-nio-8090-exec-4] INFO  c.p.purchase.service.PurchaseUpSyncDownloadService - [purchase] process up data: tableName=purchase_return_item, batchUuid=858feb59ebe84ebf975cfc33db72b3ca
2026-06-30 14:16:20.257 [http-nio-8090-exec-4] INFO  com.psi.common.service.BaseUpSyncDownloadService - [purchase] 批量确认完成: 2/2
2026-06-30 14:16:20.263 [http-nio-8090-exec-4] INFO  c.p.purchase.service.PurchaseUpSyncDownloadService - [purchase] 批量处理采购退货后置业务: count=1
2026-06-30 14:16:20.280 [http-nio-8090-exec-4] INFO  c.p.purchase.service.PurchaseUpSyncDownloadService - [purchase] 采购退货单已保存: returnNo=PR_UP_001, id=7
2026-06-30 14:16:20.293 [http-nio-8090-exec-4] INFO  c.p.p.service.impl.PurchaseReturnMainServiceImpl - 采购退货库存扣减消息已发送: returnNo=PR_UP_001
2026-06-30 14:16:20.298 [http-nio-8090-exec-4] INFO  c.p.purchase.service.PurchaseUpSyncDownloadService - [purchase] 采购退货库存扣减完成: returnNo=PR_UP_001
2026-06-30 14:16:38.556 [scheduling-1] INFO  com.psi.common.service.BaseUpSyncDownloadService - [purchase] 开始拉取上行同步数据: lastTime=2026-06-30 14:16:20
2026-06-30 14:17:08.574 [scheduling-1] INFO  com.psi.common.service.BaseUpSyncDownloadService - [purchase] 开始拉取上行同步数据: lastTime=2026-06-30 14:16:38
2026-06-30 14:17:38.589 [scheduling-1] INFO  com.psi.common.service.BaseUpSyncDownloadService - [purchase] 开始拉取上行同步数据: lastTime=2026-06-30 14:17:08
2026-06-30 14:18:08.617 [scheduling-1] INFO  com.psi.common.service.BaseUpSyncDownloadService - [purchase] 开始拉取上行同步数据: lastTime=2026-06-30 14:17:38
2026-06-30 14:18:38.663 [scheduling-1] INFO  com.psi.common.service.BaseUpSyncDownloadService - [purchase] 开始拉取上行同步数据: lastTime=2026-06-30 14:18:08
2026-06-30 14:19:08.682 [scheduling-1] INFO  com.psi.common.service.BaseUpSyncDownloadService - [purchase] 开始拉取上行同步数据: lastTime=2026-06-30 14:18:38
2026-06-30 14:19:38.703 [scheduling-1] INFO  com.psi.common.service.BaseUpSyncDownloadService - [purchase] 开始拉取上行同步数据: lastTime=2026-06-30 14:19:08
2026-06-30 14:20:08.722 [scheduling-1] INFO  com.psi.common.service.BaseUpSyncDownloadService - [purchase] 开始拉取上行同步数据: lastTime=2026-06-30 14:19:38
2026-06-30 14:20:38.750 [scheduling-1] INFO  com.psi.common.service.BaseUpSyncDownloadService - [purchase] 开始拉取上行同步数据: lastTime=2026-06-30 14:20:08
2026-06-30 14:21:08.764 [scheduling-1] INFO  com.psi.common.service.BaseUpSyncDownloadService - [purchase] 开始拉取上行同步数据: lastTime=2026-06-30 14:20:38
2026-06-30 14:21:38.774 [scheduling-1] INFO  com.psi.common.service.BaseUpSyncDownloadService - [purchase] 开始拉取上行同步数据: lastTime=2026-06-30 14:21:08
2026-06-30 14:22:08.789 [scheduling-1] INFO  com.psi.common.service.BaseUpSyncDownloadService - [purchase] 开始拉取上行同步数据: lastTime=2026-06-30 14:21:38
2026-06-30 14:22:38.809 [scheduling-1] INFO  com.psi.common.service.BaseUpSyncDownloadService - [purchase] 开始拉取上行同步数据: lastTime=2026-06-30 14:22:08
2026-06-30 14:23:08.830 [scheduling-1] INFO  com.psi.common.service.BaseUpSyncDownloadService - [purchase] 开始拉取上行同步数据: lastTime=2026-06-30 14:22:38
2026-06-30 14:23:38.857 [scheduling-1] INFO  com.psi.common.service.BaseUpSyncDownloadService - [purchase] 开始拉取上行同步数据: lastTime=2026-06-30 14:23:08
2026-06-30 14:24:08.878 [scheduling-1] INFO  com.psi.common.service.BaseUpSyncDownloadService - [purchase] 开始拉取上行同步数据: lastTime=2026-06-30 14:23:38
2026-06-30 14:24:38.910 [scheduling-1] INFO  com.psi.common.service.BaseUpSyncDownloadService - [purchase] 开始拉取上行同步数据: lastTime=2026-06-30 14:24:08
2026-06-30 14:25:08.923 [scheduling-1] INFO  com.psi.common.service.BaseUpSyncDownloadService - [purchase] 开始拉取上行同步数据: lastTime=2026-06-30 14:24:38
2026-06-30 14:25:38.939 [scheduling-1] INFO  com.psi.common.service.BaseUpSyncDownloadService - [purchase] 开始拉取上行同步数据: lastTime=2026-06-30 14:25:08
2026-06-30 14:26:08.959 [scheduling-1] INFO  com.psi.common.service.BaseUpSyncDownloadService - [purchase] 开始拉取上行同步数据: lastTime=2026-06-30 14:25:38
2026-06-30 14:26:38.972 [scheduling-1] INFO  com.psi.common.service.BaseUpSyncDownloadService - [purchase] 开始拉取上行同步数据: lastTime=2026-06-30 14:26:08
2026-06-30 14:27:08.983 [scheduling-1] INFO  com.psi.common.service.BaseUpSyncDownloadService - [purchase] 开始拉取上行同步数据: lastTime=2026-06-30 14:26:38
2026-06-30 14:27:38.993 [scheduling-1] INFO  com.psi.common.service.BaseUpSyncDownloadService - [purchase] 开始拉取上行同步数据: lastTime=2026-06-30 14:27:08
2026-06-30 14:28:09.021 [scheduling-1] INFO  com.psi.common.service.BaseUpSyncDownloadService - [purchase] 开始拉取上行同步数据: lastTime=2026-06-30 14:27:39
2026-06-30 14:28:39.029 [scheduling-1] INFO  com.psi.common.service.BaseUpSyncDownloadService - [purchase] 开始拉取上行同步数据: lastTime=2026-06-30 14:28:09
2026-06-30 14:29:09.043 [scheduling-1] INFO  com.psi.common.service.BaseUpSyncDownloadService - [purchase] 开始拉取上行同步数据: lastTime=2026-06-30 14:28:39
2026-06-30 14:29:39.056 [scheduling-1] INFO  com.psi.common.service.BaseUpSyncDownloadService - [purchase] 开始拉取上行同步数据: lastTime=2026-06-30 14:29:09
2026-06-30 14:30:09.088 [scheduling-1] INFO  com.psi.common.service.BaseUpSyncDownloadService - [purchase] 开始拉取上行同步数据: lastTime=2026-06-30 14:29:39
2026-06-30 14:30:39.109 [scheduling-1] INFO  com.psi.common.service.BaseUpSyncDownloadService - [purchase] 开始拉取上行同步数据: lastTime=2026-06-30 14:30:09
2026-06-30 14:31:09.130 [scheduling-1] INFO  com.psi.common.service.BaseUpSyncDownloadService - [purchase] 开始拉取上行同步数据: lastTime=2026-06-30 14:30:39
2026-06-30 14:31:39.151 [scheduling-1] INFO  com.psi.common.service.BaseUpSyncDownloadService - [purchase] 开始拉取上行同步数据: lastTime=2026-06-30 14:31:09
2026-06-30 14:32:09.165 [scheduling-1] INFO  com.psi.common.service.BaseUpSyncDownloadService - [purchase] 开始拉取上行同步数据: lastTime=2026-06-30 14:31:39
2026-06-30 14:32:39.178 [scheduling-1] INFO  com.psi.common.service.BaseUpSyncDownloadService - [purchase] 开始拉取上行同步数据: lastTime=2026-06-30 14:32:09
2026-06-30 14:33:09.196 [scheduling-1] INFO  com.psi.common.service.BaseUpSyncDownloadService - [purchase] 开始拉取上行同步数据: lastTime=2026-06-30 14:32:39
2026-06-30 14:33:39.205 [scheduling-1] INFO  com.psi.common.service.BaseUpSyncDownloadService - [purchase] 开始拉取上行同步数据: lastTime=2026-06-30 14:33:09
2026-06-30 14:34:09.221 [scheduling-1] INFO  com.psi.common.service.BaseUpSyncDownloadService - [purchase] 开始拉取上行同步数据: lastTime=2026-06-30 14:33:39
2026-06-30 14:34:39.240 [scheduling-1] INFO  com.psi.common.service.BaseUpSyncDownloadService - [purchase] 开始拉取上行同步数据: lastTime=2026-06-30 14:34:09
2026-06-30 14:35:09.263 [scheduling-1] INFO  com.psi.common.service.BaseUpSyncDownloadService - [purchase] 开始拉取上行同步数据: lastTime=2026-06-30 14:34:39
2026-06-30 14:35:39.277 [scheduling-1] INFO  com.psi.common.service.BaseUpSyncDownloadService - [purchase] 开始拉取上行同步数据: lastTime=2026-06-30 14:35:09
2026-06-30 14:36:09.285 [scheduling-1] INFO  com.psi.common.service.BaseUpSyncDownloadService - [purchase] 开始拉取上行同步数据: lastTime=2026-06-30 14:35:39
2026-06-30 14:36:39.300 [scheduling-1] INFO  com.psi.common.service.BaseUpSyncDownloadService - [purchase] 开始拉取上行同步数据: lastTime=2026-06-30 14:36:09
2026-06-30 14:37:09.310 [scheduling-1] INFO  com.psi.common.service.BaseUpSyncDownloadService - [purchase] 开始拉取上行同步数据: lastTime=2026-06-30 14:36:39
2026-06-30 14:37:39.324 [scheduling-1] INFO  com.psi.common.service.BaseUpSyncDownloadService - [purchase] 开始拉取上行同步数据: lastTime=2026-06-30 14:37:09
2026-06-30 14:38:09.331 [scheduling-1] INFO  com.psi.common.service.BaseUpSyncDownloadService - [purchase] 开始拉取上行同步数据: lastTime=2026-06-30 14:37:39
2026-06-30 14:38:39.350 [scheduling-1] INFO  com.psi.common.service.BaseUpSyncDownloadService - [purchase] 开始拉取上行同步数据: lastTime=2026-06-30 14:38:09
2026-06-30 14:39:09.365 [scheduling-1] INFO  com.psi.common.service.BaseUpSyncDownloadService - [purchase] 开始拉取上行同步数据: lastTime=2026-06-30 14:38:39
2026-06-30 14:39:39.390 [scheduling-1] INFO  com.psi.common.service.BaseUpSyncDownloadService - [purchase] 开始拉取上行同步数据: lastTime=2026-06-30 14:39:09
2026-06-30 14:40:09.412 [scheduling-1] INFO  com.psi.common.service.BaseUpSyncDownloadService - [purchase] 开始拉取上行同步数据: lastTime=2026-06-30 14:39:39
2026-06-30 14:40:39.431 [scheduling-1] INFO  com.psi.common.service.BaseUpSyncDownloadService - [purchase] 开始拉取上行同步数据: lastTime=2026-06-30 14:40:09
2026-06-30 14:41:09.451 [scheduling-1] INFO  com.psi.common.service.BaseUpSyncDownloadService - [purchase] 开始拉取上行同步数据: lastTime=2026-06-30 14:40:39
2026-06-30 14:41:39.470 [scheduling-1] INFO  com.psi.common.service.BaseUpSyncDownloadService - [purchase] 开始拉取上行同步数据: lastTime=2026-06-30 14:41:09
2026-06-30 14:42:09.481 [scheduling-1] INFO  com.psi.common.service.BaseUpSyncDownloadService - [purchase] 开始拉取上行同步数据: lastTime=2026-06-30 14:41:39
2026-06-30 14:42:39.494 [scheduling-1] INFO  com.psi.common.service.BaseUpSyncDownloadService - [purchase] 开始拉取上行同步数据: lastTime=2026-06-30 14:42:09
2026-06-30 14:43:09.511 [scheduling-1] INFO  com.psi.common.service.BaseUpSyncDownloadService - [purchase] 开始拉取上行同步数据: lastTime=2026-06-30 14:42:39
2026-06-30 14:43:39.538 [scheduling-1] INFO  com.psi.common.service.BaseUpSyncDownloadService - [purchase] 开始拉取上行同步数据: lastTime=2026-06-30 14:43:09
2026-06-30 14:44:09.549 [scheduling-1] INFO  com.psi.common.service.BaseUpSyncDownloadService - [purchase] 开始拉取上行同步数据: lastTime=2026-06-30 14:43:39
2026-06-30 14:44:39.571 [scheduling-1] INFO  com.psi.common.service.BaseUpSyncDownloadService - [purchase] 开始拉取上行同步数据: lastTime=2026-06-30 14:44:09
2026-06-30 14:45:09.579 [scheduling-1] INFO  com.psi.common.service.BaseUpSyncDownloadService - [purchase] 开始拉取上行同步数据: lastTime=2026-06-30 14:44:39
2026-06-30 14:45:39.596 [scheduling-1] INFO  com.psi.common.service.BaseUpSyncDownloadService - [purchase] 开始拉取上行同步数据: lastTime=2026-06-30 14:45:09
2026-06-30 14:46:09.616 [scheduling-1] INFO  com.psi.common.service.BaseUpSyncDownloadService - [purchase] 开始拉取上行同步数据: lastTime=2026-06-30 14:45:39
2026-06-30 14:46:39.634 [scheduling-1] INFO  com.psi.common.service.BaseUpSyncDownloadService - [purchase] 开始拉取上行同步数据: lastTime=2026-06-30 14:46:09
2026-06-30 14:47:09.655 [scheduling-1] INFO  com.psi.common.service.BaseUpSyncDownloadService - [purchase] 开始拉取上行同步数据: lastTime=2026-06-30 14:46:39
2026-06-30 14:47:39.670 [scheduling-1] INFO  com.psi.common.service.BaseUpSyncDownloadService - [purchase] 开始拉取上行同步数据: lastTime=2026-06-30 14:47:09
2026-06-30 14:48:09.679 [scheduling-1] INFO  com.psi.common.service.BaseUpSyncDownloadService - [purchase] 开始拉取上行同步数据: lastTime=2026-06-30 14:47:39
2026-06-30 14:48:39.700 [scheduling-1] INFO  com.psi.common.service.BaseUpSyncDownloadService - [purchase] 开始拉取上行同步数据: lastTime=2026-06-30 14:48:09
2026-06-30 14:49:09.724 [scheduling-1] INFO  com.psi.common.service.BaseUpSyncDownloadService - [purchase] 开始拉取上行同步数据: lastTime=2026-06-30 14:48:39
2026-06-30 14:49:39.744 [scheduling-1] INFO  com.psi.common.service.BaseUpSyncDownloadService - [purchase] 开始拉取上行同步数据: lastTime=2026-06-30 14:49:09
2026-06-30 14:50:09.765 [scheduling-1] INFO  com.psi.common.service.BaseUpSyncDownloadService - [purchase] 开始拉取上行同步数据: lastTime=2026-06-30 14:49:39
2026-06-30 14:50:39.790 [scheduling-1] INFO  com.psi.common.service.BaseUpSyncDownloadService - [purchase] 开始拉取上行同步数据: lastTime=2026-06-30 14:50:09
2026-06-30 14:51:09.822 [scheduling-1] INFO  com.psi.common.service.BaseUpSyncDownloadService - [purchase] 开始拉取上行同步数据: lastTime=2026-06-30 14:50:39
2026-06-30 14:51:39.833 [scheduling-1] INFO  com.psi.common.service.BaseUpSyncDownloadService - [purchase] 开始拉取上行同步数据: lastTime=2026-06-30 14:51:09
2026-06-30 14:52:09.852 [scheduling-1] INFO  com.psi.common.service.BaseUpSyncDownloadService - [purchase] 开始拉取上行同步数据: lastTime=2026-06-30 14:51:39
2026-06-30 14:52:39.866 [scheduling-1] INFO  com.psi.common.service.BaseUpSyncDownloadService - [purchase] 开始拉取上行同步数据: lastTime=2026-06-30 14:52:09
2026-06-30 14:53:09.886 [scheduling-1] INFO  com.psi.common.service.BaseUpSyncDownloadService - [purchase] 开始拉取上行同步数据: lastTime=2026-06-30 14:52:39
2026-06-30 14:53:39.906 [scheduling-1] INFO  com.psi.common.service.BaseUpSyncDownloadService - [purchase] 开始拉取上行同步数据: lastTime=2026-06-30 14:53:09
2026-06-30 14:54:09.919 [scheduling-1] INFO  com.psi.common.service.BaseUpSyncDownloadService - [purchase] 开始拉取上行同步数据: lastTime=2026-06-30 14:53:39
2026-06-30 14:54:39.929 [scheduling-1] INFO  com.psi.common.service.BaseUpSyncDownloadService - [purchase] 开始拉取上行同步数据: lastTime=2026-06-30 14:54:09
2026-06-30 14:55:09.949 [scheduling-1] INFO  com.psi.common.service.BaseUpSyncDownloadService - [purchase] 开始拉取上行同步数据: lastTime=2026-06-30 14:54:39
2026-06-30 14:55:39.962 [scheduling-1] INFO  com.psi.common.service.BaseUpSyncDownloadService - [purchase] 开始拉取上行同步数据: lastTime=2026-06-30 14:55:09
2026-06-30 15:02:13.471 [nacos-grpc-client-executor-127.0.0.1-791] INFO  com.alibaba.nacos.common.remote.client - [78ac799a-17d3-468a-93be-ffd6cb9f0950] Receive server push request, request = ClientDetectionRequest, requestId = 105
2026-06-30 15:02:13.473 [nacos-grpc-client-executor-127.0.0.1-791] INFO  com.alibaba.nacos.common.remote.client - [78ac799a-17d3-468a-93be-ffd6cb9f0950] Ack server push request, request = ClientDetectionRequest, requestId = 105
2026-06-30 15:02:34.696 [HikariPool-1 housekeeper] WARN  com.zaxxer.hikari.pool.HikariPool - HikariPool-1 - Thread starvation or clock leap detected (housekeeper delta=7m1s38ms142µs700ns).
2026-06-30 15:02:42.328 [scheduling-1] INFO  com.psi.common.service.BaseUpSyncDownloadService - [purchase] 开始拉取上行同步数据: lastTime=2026-06-30 15:02:12
2026-06-30 15:03:12.341 [scheduling-1] INFO  com.psi.common.service.BaseUpSyncDownloadService - [purchase] 开始拉取上行同步数据: lastTime=2026-06-30 15:02:42
2026-06-30 15:03:42.356 [scheduling-1] INFO  com.psi.common.service.BaseUpSyncDownloadService - [purchase] 开始拉取上行同步数据: lastTime=2026-06-30 15:03:12
2026-06-30 15:04:12.374 [scheduling-1] INFO  com.psi.common.service.BaseUpSyncDownloadService - [purchase] 开始拉取上行同步数据: lastTime=2026-06-30 15:03:42
2026-06-30 15:04:42.385 [scheduling-1] INFO  com.psi.common.service.BaseUpSyncDownloadService - [purchase] 开始拉取上行同步数据: lastTime=2026-06-30 15:04:12
2026-06-30 15:05:12.404 [scheduling-1] INFO  com.psi.common.service.BaseUpSyncDownloadService - [purchase] 开始拉取上行同步数据: lastTime=2026-06-30 15:04:42
2026-06-30 15:05:42.420 [scheduling-1] INFO  com.psi.common.service.BaseUpSyncDownloadService - [purchase] 开始拉取上行同步数据: lastTime=2026-06-30 15:05:12
2026-06-30 15:06:12.430 [scheduling-1] INFO  com.psi.common.service.BaseUpSyncDownloadService - [purchase] 开始拉取上行同步数据: lastTime=2026-06-30 15:05:42
2026-06-30 15:06:42.444 [scheduling-1] INFO  com.psi.common.service.BaseUpSyncDownloadService - [purchase] 开始拉取上行同步数据: lastTime=2026-06-30 15:06:12
2026-06-30 15:07:12.476 [scheduling-1] INFO  com.psi.common.service.BaseUpSyncDownloadService - [purchase] 开始拉取上行同步数据: lastTime=2026-06-30 15:06:42
2026-06-30 15:07:42.510 [scheduling-1] INFO  com.psi.common.service.BaseUpSyncDownloadService - [purchase] 开始拉取上行同步数据: lastTime=2026-06-30 15:07:12
2026-06-30 15:08:12.520 [scheduling-1] INFO  com.psi.common.service.BaseUpSyncDownloadService - [purchase] 开始拉取上行同步数据: lastTime=2026-06-30 15:07:42
2026-06-30 15:08:42.539 [scheduling-1] INFO  com.psi.common.service.BaseUpSyncDownloadService - [purchase] 开始拉取上行同步数据: lastTime=2026-06-30 15:08:12
2026-06-30 15:09:12.559 [scheduling-1] INFO  com.psi.common.service.BaseUpSyncDownloadService - [purchase] 开始拉取上行同步数据: lastTime=2026-06-30 15:08:42
2026-06-30 15:09:42.580 [scheduling-1] INFO  com.psi.common.service.BaseUpSyncDownloadService - [purchase] 开始拉取上行同步数据: lastTime=2026-06-30 15:09:12
2026-06-30 15:10:12.600 [scheduling-1] INFO  com.psi.common.service.BaseUpSyncDownloadService - [purchase] 开始拉取上行同步数据: lastTime=2026-06-30 15:09:42
2026-06-30 15:10:42.635 [scheduling-1] INFO  com.psi.common.service.BaseUpSyncDownloadService - [purchase] 开始拉取上行同步数据: lastTime=2026-06-30 15:10:12
2026-06-30 15:11:12.657 [scheduling-1] INFO  com.psi.common.service.BaseUpSyncDownloadService - [purchase] 开始拉取上行同步数据: lastTime=2026-06-30 15:10:42
2026-06-30 15:11:42.682 [scheduling-1] INFO  com.psi.common.service.BaseUpSyncDownloadService - [purchase] 开始拉取上行同步数据: lastTime=2026-06-30 15:11:12
2026-06-30 15:12:12.696 [scheduling-1] INFO  com.psi.common.service.BaseUpSyncDownloadService - [purchase] 开始拉取上行同步数据: lastTime=2026-06-30 15:11:42
2026-06-30 15:12:42.715 [scheduling-1] INFO  com.psi.common.service.BaseUpSyncDownloadService - [purchase] 开始拉取上行同步数据: lastTime=2026-06-30 15:12:12
2026-06-30 15:13:12.729 [scheduling-1] INFO  com.psi.common.service.BaseUpSyncDownloadService - [purchase] 开始拉取上行同步数据: lastTime=2026-06-30 15:12:42
2026-06-30 15:13:42.747 [scheduling-1] INFO  com.psi.common.service.BaseUpSyncDownloadService - [purchase] 开始拉取上行同步数据: lastTime=2026-06-30 15:13:12
2026-06-30 15:14:12.804 [scheduling-1] INFO  com.psi.common.service.BaseUpSyncDownloadService - [purchase] 开始拉取上行同步数据: lastTime=2026-06-30 15:13:42
2026-06-30 15:14:42.887 [scheduling-1] INFO  com.psi.common.service.BaseUpSyncDownloadService - [purchase] 开始拉取上行同步数据: lastTime=2026-06-30 15:14:12
2026-06-30 15:15:12.913 [scheduling-1] INFO  com.psi.common.service.BaseUpSyncDownloadService - [purchase] 开始拉取上行同步数据: lastTime=2026-06-30 15:14:42
2026-06-30 15:15:42.927 [scheduling-1] INFO  com.psi.common.service.BaseUpSyncDownloadService - [purchase] 开始拉取上行同步数据: lastTime=2026-06-30 15:15:12
2026-06-30 15:16:12.940 [scheduling-1] INFO  com.psi.common.service.BaseUpSyncDownloadService - [purchase] 开始拉取上行同步数据: lastTime=2026-06-30 15:15:42
2026-06-30 15:16:42.953 [scheduling-1] INFO  com.psi.common.service.BaseUpSyncDownloadService - [purchase] 开始拉取上行同步数据: lastTime=2026-06-30 15:16:12
2026-06-30 15:17:12.976 [scheduling-1] INFO  com.psi.common.service.BaseUpSyncDownloadService - [purchase] 开始拉取上行同步数据: lastTime=2026-06-30 15:16:42
2026-06-30 15:17:42.995 [scheduling-1] INFO  com.psi.common.service.BaseUpSyncDownloadService - [purchase] 开始拉取上行同步数据: lastTime=2026-06-30 15:17:12
2026-06-30 15:18:13.007 [scheduling-1] INFO  com.psi.common.service.BaseUpSyncDownloadService - [purchase] 开始拉取上行同步数据: lastTime=2026-06-30 15:17:43
2026-06-30 15:18:43.027 [scheduling-1] INFO  com.psi.common.service.BaseUpSyncDownloadService - [purchase] 开始拉取上行同步数据: lastTime=2026-06-30 15:18:13
2026-06-30 15:19:13.043 [scheduling-1] INFO  com.psi.common.service.BaseUpSyncDownloadService - [purchase] 开始拉取上行同步数据: lastTime=2026-06-30 15:18:43
2026-06-30 15:19:43.051 [scheduling-1] INFO  com.psi.common.service.BaseUpSyncDownloadService - [purchase] 开始拉取上行同步数据: lastTime=2026-06-30 15:19:13
2026-06-30 15:20:13.067 [scheduling-1] INFO  com.psi.common.service.BaseUpSyncDownloadService - [purchase] 开始拉取上行同步数据: lastTime=2026-06-30 15:19:43
2026-06-30 15:20:43.073 [scheduling-1] INFO  com.psi.common.service.BaseUpSyncDownloadService - [purchase] 开始拉取上行同步数据: lastTime=2026-06-30 15:20:13
2026-06-30 15:21:13.092 [scheduling-1] INFO  com.psi.common.service.BaseUpSyncDownloadService - [purchase] 开始拉取上行同步数据: lastTime=2026-06-30 15:20:43
2026-06-30 15:21:43.114 [scheduling-1] INFO  com.psi.common.service.BaseUpSyncDownloadService - [purchase] 开始拉取上行同步数据: lastTime=2026-06-30 15:21:13
2026-06-30 15:22:13.133 [scheduling-1] INFO  com.psi.common.service.BaseUpSyncDownloadService - [purchase] 开始拉取上行同步数据: lastTime=2026-06-30 15:21:43
2026-06-30 15:22:43.149 [scheduling-1] INFO  com.psi.common.service.BaseUpSyncDownloadService - [purchase] 开始拉取上行同步数据: lastTime=2026-06-30 15:22:13
2026-06-30 15:23:13.167 [scheduling-1] INFO  com.psi.common.service.BaseUpSyncDownloadService - [purchase] 开始拉取上行同步数据: lastTime=2026-06-30 15:22:43
2026-06-30 15:23:43.175 [scheduling-1] INFO  com.psi.common.service.BaseUpSyncDownloadService - [purchase] 开始拉取上行同步数据: lastTime=2026-06-30 15:23:13
2026-06-30 15:24:13.200 [scheduling-1] INFO  com.psi.common.service.BaseUpSyncDownloadService - [purchase] 开始拉取上行同步数据: lastTime=2026-06-30 15:23:43
2026-06-30 15:24:43.211 [scheduling-1] INFO  com.psi.common.service.BaseUpSyncDownloadService - [purchase] 开始拉取上行同步数据: lastTime=2026-06-30 15:24:13
2026-06-30 15:25:13.242 [scheduling-1] INFO  com.psi.common.service.BaseUpSyncDownloadService - [purchase] 开始拉取上行同步数据: lastTime=2026-06-30 15:24:43
2026-06-30 15:25:43.253 [scheduling-1] INFO  com.psi.common.service.BaseUpSyncDownloadService - [purchase] 开始拉取上行同步数据: lastTime=2026-06-30 15:25:13
2026-06-30 15:26:13.264 [scheduling-1] INFO  com.psi.common.service.BaseUpSyncDownloadService - [purchase] 开始拉取上行同步数据: lastTime=2026-06-30 15:25:43
2026-06-30 15:26:43.277 [scheduling-1] INFO  com.psi.common.service.BaseUpSyncDownloadService - [purchase] 开始拉取上行同步数据: lastTime=2026-06-30 15:26:13
2026-06-30 15:27:13.307 [scheduling-1] INFO  com.psi.common.service.BaseUpSyncDownloadService - [purchase] 开始拉取上行同步数据: lastTime=2026-06-30 15:26:43
2026-06-30 15:27:43.316 [scheduling-1] INFO  com.psi.common.service.BaseUpSyncDownloadService - [purchase] 开始拉取上行同步数据: lastTime=2026-06-30 15:27:13
2026-06-30 15:28:13.323 [scheduling-1] INFO  com.psi.common.service.BaseUpSyncDownloadService - [purchase] 开始拉取上行同步数据: lastTime=2026-06-30 15:27:43
2026-06-30 15:28:43.333 [scheduling-1] INFO  com.psi.common.service.BaseUpSyncDownloadService - [purchase] 开始拉取上行同步数据: lastTime=2026-06-30 15:28:13
2026-06-30 15:29:13.352 [scheduling-1] INFO  com.psi.common.service.BaseUpSyncDownloadService - [purchase] 开始拉取上行同步数据: lastTime=2026-06-30 15:28:43
2026-06-30 15:29:43.374 [scheduling-1] INFO  com.psi.common.service.BaseUpSyncDownloadService - [purchase] 开始拉取上行同步数据: lastTime=2026-06-30 15:29:13
2026-06-30 15:30:13.383 [scheduling-1] INFO  com.psi.common.service.BaseUpSyncDownloadService - [purchase] 开始拉取上行同步数据: lastTime=2026-06-30 15:29:43
2026-06-30 15:30:43.412 [scheduling-1] INFO  com.psi.common.service.BaseUpSyncDownloadService - [purchase] 开始拉取上行同步数据: lastTime=2026-06-30 15:30:13
2026-06-30 15:31:13.422 [scheduling-1] INFO  com.psi.common.service.BaseUpSyncDownloadService - [purchase] 开始拉取上行同步数据: lastTime=2026-06-30 15:30:43
2026-06-30 15:31:43.436 [scheduling-1] INFO  com.psi.common.service.BaseUpSyncDownloadService - [purchase] 开始拉取上行同步数据: lastTime=2026-06-30 15:31:13
2026-06-30 15:32:13.454 [scheduling-1] INFO  com.psi.common.service.BaseUpSyncDownloadService - [purchase] 开始拉取上行同步数据: lastTime=2026-06-30 15:31:43
2026-06-30 15:32:43.471 [scheduling-1] INFO  com.psi.common.service.BaseUpSyncDownloadService - [purchase] 开始拉取上行同步数据: lastTime=2026-06-30 15:32:13
2026-06-30 15:33:13.488 [scheduling-1] INFO  com.psi.common.service.BaseUpSyncDownloadService - [purchase] 开始拉取上行同步数据: lastTime=2026-06-30 15:32:43
2026-06-30 15:33:43.505 [scheduling-1] INFO  com.psi.common.service.BaseUpSyncDownloadService - [purchase] 开始拉取上行同步数据: lastTime=2026-06-30 15:33:13
2026-06-30 15:34:13.516 [scheduling-1] INFO  com.psi.common.service.BaseUpSyncDownloadService - [purchase] 开始拉取上行同步数据: lastTime=2026-06-30 15:33:43
2026-06-30 15:34:43.525 [scheduling-1] INFO  com.psi.common.service.BaseUpSyncDownloadService - [purchase] 开始拉取上行同步数据: lastTime=2026-06-30 15:34:13
2026-06-30 15:35:13.537 [scheduling-1] INFO  com.psi.common.service.BaseUpSyncDownloadService - [purchase] 开始拉取上行同步数据: lastTime=2026-06-30 15:34:43
2026-06-30 15:35:43.542 [scheduling-1] INFO  com.psi.common.service.BaseUpSyncDownloadService - [purchase] 开始拉取上行同步数据: lastTime=2026-06-30 15:35:13
2026-06-30 15:36:13.549 [scheduling-1] INFO  com.psi.common.service.BaseUpSyncDownloadService - [purchase] 开始拉取上行同步数据: lastTime=2026-06-30 15:35:43
2026-06-30 15:36:43.560 [scheduling-1] INFO  com.psi.common.service.BaseUpSyncDownloadService - [purchase] 开始拉取上行同步数据: lastTime=2026-06-30 15:36:13
2026-06-30 15:37:13.571 [scheduling-1] INFO  com.psi.common.service.BaseUpSyncDownloadService - [purchase] 开始拉取上行同步数据: lastTime=2026-06-30 15:36:43
2026-06-30 15:37:43.593 [scheduling-1] INFO  com.psi.common.service.BaseUpSyncDownloadService - [purchase] 开始拉取上行同步数据: lastTime=2026-06-30 15:37:13
2026-06-30 15:38:13.609 [scheduling-1] INFO  com.psi.common.service.BaseUpSyncDownloadService - [purchase] 开始拉取上行同步数据: lastTime=2026-06-30 15:37:43
2026-06-30 15:38:43.621 [scheduling-1] INFO  com.psi.common.service.BaseUpSyncDownloadService - [purchase] 开始拉取上行同步数据: lastTime=2026-06-30 15:38:13
2026-06-30 15:39:13.633 [scheduling-1] INFO  com.psi.common.service.BaseUpSyncDownloadService - [purchase] 开始拉取上行同步数据: lastTime=2026-06-30 15:38:43
2026-06-30 15:39:43.656 [scheduling-1] INFO  com.psi.common.service.BaseUpSyncDownloadService - [purchase] 开始拉取上行同步数据: lastTime=2026-06-30 15:39:13
2026-06-30 15:40:13.680 [scheduling-1] INFO  com.psi.common.service.BaseUpSyncDownloadService - [purchase] 开始拉取上行同步数据: lastTime=2026-06-30 15:39:43
2026-06-30 15:40:43.693 [scheduling-1] INFO  com.psi.common.service.BaseUpSyncDownloadService - [purchase] 开始拉取上行同步数据: lastTime=2026-06-30 15:40:13
2026-06-30 15:41:13.714 [scheduling-1] INFO  com.psi.common.service.BaseUpSyncDownloadService - [purchase] 开始拉取上行同步数据: lastTime=2026-06-30 15:40:43
2026-06-30 15:41:43.726 [scheduling-1] INFO  com.psi.common.service.BaseUpSyncDownloadService - [purchase] 开始拉取上行同步数据: lastTime=2026-06-30 15:41:13
2026-06-30 15:42:13.755 [scheduling-1] INFO  com.psi.common.service.BaseUpSyncDownloadService - [purchase] 开始拉取上行同步数据: lastTime=2026-06-30 15:41:43
2026-06-30 15:42:43.766 [scheduling-1] INFO  com.psi.common.service.BaseUpSyncDownloadService - [purchase] 开始拉取上行同步数据: lastTime=2026-06-30 15:42:13
2026-06-30 15:43:13.780 [scheduling-1] INFO  com.psi.common.service.BaseUpSyncDownloadService - [purchase] 开始拉取上行同步数据: lastTime=2026-06-30 15:42:43
2026-06-30 15:43:43.795 [scheduling-1] INFO  com.psi.common.service.BaseUpSyncDownloadService - [purchase] 开始拉取上行同步数据: lastTime=2026-06-30 15:43:13
2026-06-30 15:44:13.814 [scheduling-1] INFO  com.psi.common.service.BaseUpSyncDownloadService - [purchase] 开始拉取上行同步数据: lastTime=2026-06-30 15:43:43
2026-06-30 15:44:43.842 [scheduling-1] INFO  com.psi.common.service.BaseUpSyncDownloadService - [purchase] 开始拉取上行同步数据: lastTime=2026-06-30 15:44:13
2026-06-30 15:45:13.860 [scheduling-1] INFO  com.psi.common.service.BaseUpSyncDownloadService - [purchase] 开始拉取上行同步数据: lastTime=2026-06-30 15:44:43
2026-06-30 15:45:43.880 [scheduling-1] INFO  com.psi.common.service.BaseUpSyncDownloadService - [purchase] 开始拉取上行同步数据: lastTime=2026-06-30 15:45:13
2026-06-30 15:46:13.901 [scheduling-1] INFO  com.psi.common.service.BaseUpSyncDownloadService - [purchase] 开始拉取上行同步数据: lastTime=2026-06-30 15:45:43
2026-06-30 15:46:43.922 [scheduling-1] INFO  com.psi.common.service.BaseUpSyncDownloadService - [purchase] 开始拉取上行同步数据: lastTime=2026-06-30 15:46:13
2026-06-30 15:47:13.943 [scheduling-1] INFO  com.psi.common.service.BaseUpSyncDownloadService - [purchase] 开始拉取上行同步数据: lastTime=2026-06-30 15:46:43
2026-06-30 15:47:43.956 [scheduling-1] INFO  com.psi.common.service.BaseUpSyncDownloadService - [purchase] 开始拉取上行同步数据: lastTime=2026-06-30 15:47:13
2026-06-30 15:48:13.985 [scheduling-1] INFO  com.psi.common.service.BaseUpSyncDownloadService - [purchase] 开始拉取上行同步数据: lastTime=2026-06-30 15:47:43
2026-06-30 15:48:44.018 [scheduling-1] INFO  com.psi.common.service.BaseUpSyncDownloadService - [purchase] 开始拉取上行同步数据: lastTime=2026-06-30 15:48:14
2026-06-30 15:49:14.041 [scheduling-1] INFO  com.psi.common.service.BaseUpSyncDownloadService - [purchase] 开始拉取上行同步数据: lastTime=2026-06-30 15:48:44
2026-06-30 15:49:44.060 [scheduling-1] INFO  com.psi.common.service.BaseUpSyncDownloadService - [purchase] 开始拉取上行同步数据: lastTime=2026-06-30 15:49:14
2026-06-30 15:50:14.070 [scheduling-1] INFO  com.psi.common.service.BaseUpSyncDownloadService - [purchase] 开始拉取上行同步数据: lastTime=2026-06-30 15:49:44
2026-06-30 15:50:44.081 [scheduling-1] INFO  com.psi.common.service.BaseUpSyncDownloadService - [purchase] 开始拉取上行同步数据: lastTime=2026-06-30 15:50:14
2026-06-30 15:51:14.096 [scheduling-1] INFO  com.psi.common.service.BaseUpSyncDownloadService - [purchase] 开始拉取上行同步数据: lastTime=2026-06-30 15:50:44
2026-06-30 15:51:44.128 [scheduling-1] INFO  com.psi.common.service.BaseUpSyncDownloadService - [purchase] 开始拉取上行同步数据: lastTime=2026-06-30 15:51:14
2026-06-30 15:52:14.141 [scheduling-1] INFO  com.psi.common.service.BaseUpSyncDownloadService - [purchase] 开始拉取上行同步数据: lastTime=2026-06-30 15:51:44
2026-06-30 15:52:44.162 [scheduling-1] INFO  com.psi.common.service.BaseUpSyncDownloadService - [purchase] 开始拉取上行同步数据: lastTime=2026-06-30 15:52:14
2026-06-30 15:53:14.177 [scheduling-1] INFO  com.psi.common.service.BaseUpSyncDownloadService - [purchase] 开始拉取上行同步数据: lastTime=2026-06-30 15:52:44
2026-06-30 15:53:44.202 [scheduling-1] INFO  com.psi.common.service.BaseUpSyncDownloadService - [purchase] 开始拉取上行同步数据: lastTime=2026-06-30 15:53:14
2026-06-30 15:54:14.214 [scheduling-1] INFO  com.psi.common.service.BaseUpSyncDownloadService - [purchase] 开始拉取上行同步数据: lastTime=2026-06-30 15:53:44
2026-06-30 15:54:44.242 [scheduling-1] INFO  com.psi.common.service.BaseUpSyncDownloadService - [purchase] 开始拉取上行同步数据: lastTime=2026-06-30 15:54:14
2026-06-30 15:55:14.257 [scheduling-1] INFO  com.psi.common.service.BaseUpSyncDownloadService - [purchase] 开始拉取上行同步数据: lastTime=2026-06-30 15:54:44
2026-06-30 15:55:44.277 [scheduling-1] INFO  com.psi.common.service.BaseUpSyncDownloadService - [purchase] 开始拉取上行同步数据: lastTime=2026-06-30 15:55:14
2026-06-30 15:56:14.285 [scheduling-1] INFO  com.psi.common.service.BaseUpSyncDownloadService - [purchase] 开始拉取上行同步数据: lastTime=2026-06-30 15:55:44
2026-06-30 15:56:44.297 [scheduling-1] INFO  com.psi.common.service.BaseUpSyncDownloadService - [purchase] 开始拉取上行同步数据: lastTime=2026-06-30 15:56:14
2026-06-30 15:57:14.317 [scheduling-1] INFO  com.psi.common.service.BaseUpSyncDownloadService - [purchase] 开始拉取上行同步数据: lastTime=2026-06-30 15:56:44
2026-06-30 15:57:44.341 [scheduling-1] INFO  com.psi.common.service.BaseUpSyncDownloadService - [purchase] 开始拉取上行同步数据: lastTime=2026-06-30 15:57:14
2026-06-30 15:58:14.353 [scheduling-1] INFO  com.psi.common.service.BaseUpSyncDownloadService - [purchase] 开始拉取上行同步数据: lastTime=2026-06-30 15:57:44
2026-06-30 15:58:44.375 [scheduling-1] INFO  com.psi.common.service.BaseUpSyncDownloadService - [purchase] 开始拉取上行同步数据: lastTime=2026-06-30 15:58:14
2026-06-30 15:59:14.387 [scheduling-1] INFO  com.psi.common.service.BaseUpSyncDownloadService - [purchase] 开始拉取上行同步数据: lastTime=2026-06-30 15:58:44
2026-06-30 15:59:44.398 [scheduling-1] INFO  com.psi.common.service.BaseUpSyncDownloadService - [purchase] 开始拉取上行同步数据: lastTime=2026-06-30 15:59:14
2026-06-30 16:00:14.403 [scheduling-1] INFO  com.psi.common.service.BaseUpSyncDownloadService - [purchase] 开始拉取上行同步数据: lastTime=2026-06-30 15:59:44
2026-06-30 16:00:44.424 [scheduling-1] INFO  com.psi.common.service.BaseUpSyncDownloadService - [purchase] 开始拉取上行同步数据: lastTime=2026-06-30 16:00:14
2026-06-30 16:01:14.439 [scheduling-1] INFO  com.psi.common.service.BaseUpSyncDownloadService - [purchase] 开始拉取上行同步数据: lastTime=2026-06-30 16:00:44
2026-06-30 16:01:44.449 [scheduling-1] INFO  com.psi.common.service.BaseUpSyncDownloadService - [purchase] 开始拉取上行同步数据: lastTime=2026-06-30 16:01:14
2026-06-30 16:02:14.466 [scheduling-1] INFO  com.psi.common.service.BaseUpSyncDownloadService - [purchase] 开始拉取上行同步数据: lastTime=2026-06-30 16:01:44
2026-06-30 16:02:44.484 [scheduling-1] INFO  com.psi.common.service.BaseUpSyncDownloadService - [purchase] 开始拉取上行同步数据: lastTime=2026-06-30 16:02:14
2026-06-30 16:03:14.503 [scheduling-1] INFO  com.psi.common.service.BaseUpSyncDownloadService - [purchase] 开始拉取上行同步数据: lastTime=2026-06-30 16:02:44
2026-06-30 16:03:44.524 [scheduling-1] INFO  com.psi.common.service.BaseUpSyncDownloadService - [purchase] 开始拉取上行同步数据: lastTime=2026-06-30 16:03:14
2026-06-30 16:04:14.536 [scheduling-1] INFO  com.psi.common.service.BaseUpSyncDownloadService - [purchase] 开始拉取上行同步数据: lastTime=2026-06-30 16:03:44
2026-06-30 16:04:44.545 [scheduling-1] INFO  com.psi.common.service.BaseUpSyncDownloadService - [purchase] 开始拉取上行同步数据: lastTime=2026-06-30 16:04:14
2026-06-30 16:05:14.572 [scheduling-1] INFO  com.psi.common.service.BaseUpSyncDownloadService - [purchase] 开始拉取上行同步数据: lastTime=2026-06-30 16:04:44
2026-06-30 16:05:44.587 [scheduling-1] INFO  com.psi.common.service.BaseUpSyncDownloadService - [purchase] 开始拉取上行同步数据: lastTime=2026-06-30 16:05:14
2026-06-30 16:06:14.614 [scheduling-1] INFO  com.psi.common.service.BaseUpSyncDownloadService - [purchase] 开始拉取上行同步数据: lastTime=2026-06-30 16:05:44
2026-06-30 16:06:44.638 [scheduling-1] INFO  com.psi.common.service.BaseUpSyncDownloadService - [purchase] 开始拉取上行同步数据: lastTime=2026-06-30 16:06:14
2026-06-30 16:07:14.648 [scheduling-1] INFO  com.psi.common.service.BaseUpSyncDownloadService - [purchase] 开始拉取上行同步数据: lastTime=2026-06-30 16:06:44
2026-06-30 16:07:44.661 [scheduling-1] INFO  com.psi.common.service.BaseUpSyncDownloadService - [purchase] 开始拉取上行同步数据: lastTime=2026-06-30 16:07:14
2026-06-30 16:08:14.678 [scheduling-1] INFO  com.psi.common.service.BaseUpSyncDownloadService - [purchase] 开始拉取上行同步数据: lastTime=2026-06-30 16:07:44
2026-06-30 16:08:44.690 [scheduling-1] INFO  com.psi.common.service.BaseUpSyncDownloadService - [purchase] 开始拉取上行同步数据: lastTime=2026-06-30 16:08:14
2026-06-30 16:09:14.702 [scheduling-1] INFO  com.psi.common.service.BaseUpSyncDownloadService - [purchase] 开始拉取上行同步数据: lastTime=2026-06-30 16:08:44
2026-06-30 16:09:44.731 [scheduling-1] INFO  com.psi.common.service.BaseUpSyncDownloadService - [purchase] 开始拉取上行同步数据: lastTime=2026-06-30 16:09:14
2026-06-30 16:10:14.762 [scheduling-1] INFO  com.psi.common.service.BaseUpSyncDownloadService - [purchase] 开始拉取上行同步数据: lastTime=2026-06-30 16:09:44
2026-06-30 16:10:44.778 [scheduling-1] INFO  com.psi.common.service.BaseUpSyncDownloadService - [purchase] 开始拉取上行同步数据: lastTime=2026-06-30 16:10:14
2026-06-30 16:11:14.792 [scheduling-1] INFO  com.psi.common.service.BaseUpSyncDownloadService - [purchase] 开始拉取上行同步数据: lastTime=2026-06-30 16:10:44
2026-06-30 16:11:44.809 [scheduling-1] INFO  com.psi.common.service.BaseUpSyncDownloadService - [purchase] 开始拉取上行同步数据: lastTime=2026-06-30 16:11:14
2026-06-30 16:12:14.821 [scheduling-1] INFO  com.psi.common.service.BaseUpSyncDownloadService - [purchase] 开始拉取上行同步数据: lastTime=2026-06-30 16:11:44
2026-06-30 16:12:44.839 [scheduling-1] INFO  com.psi.common.service.BaseUpSyncDownloadService - [purchase] 开始拉取上行同步数据: lastTime=2026-06-30 16:12:14
2026-06-30 16:13:14.856 [scheduling-1] INFO  com.psi.common.service.BaseUpSyncDownloadService - [purchase] 开始拉取上行同步数据: lastTime=2026-06-30 16:12:44
2026-06-30 16:13:44.863 [scheduling-1] INFO  com.psi.common.service.BaseUpSyncDownloadService - [purchase] 开始拉取上行同步数据: lastTime=2026-06-30 16:13:14
2026-06-30 16:14:14.877 [scheduling-1] INFO  com.psi.common.service.BaseUpSyncDownloadService - [purchase] 开始拉取上行同步数据: lastTime=2026-06-30 16:13:44
2026-06-30 16:14:44.895 [scheduling-1] INFO  com.psi.common.service.BaseUpSyncDownloadService - [purchase] 开始拉取上行同步数据: lastTime=2026-06-30 16:14:14
2026-06-30 16:15:14.914 [scheduling-1] INFO  com.psi.common.service.BaseUpSyncDownloadService - [purchase] 开始拉取上行同步数据: lastTime=2026-06-30 16:14:44
2026-06-30 16:15:44.931 [scheduling-1] INFO  com.psi.common.service.BaseUpSyncDownloadService - [purchase] 开始拉取上行同步数据: lastTime=2026-06-30 16:15:14
2026-06-30 16:16:14.951 [scheduling-1] INFO  com.psi.common.service.BaseUpSyncDownloadService - [purchase] 开始拉取上行同步数据: lastTime=2026-06-30 16:15:44
2026-06-30 16:16:44.968 [scheduling-1] INFO  com.psi.common.service.BaseUpSyncDownloadService - [purchase] 开始拉取上行同步数据: lastTime=2026-06-30 16:16:14
2026-06-30 16:17:14.976 [scheduling-1] INFO  com.psi.common.service.BaseUpSyncDownloadService - [purchase] 开始拉取上行同步数据: lastTime=2026-06-30 16:16:44
2026-06-30 16:17:45.000 [scheduling-1] INFO  com.psi.common.service.BaseUpSyncDownloadService - [purchase] 开始拉取上行同步数据: lastTime=2026-06-30 16:17:14
2026-06-30 16:18:15.021 [scheduling-1] INFO  com.psi.common.service.BaseUpSyncDownloadService - [purchase] 开始拉取上行同步数据: lastTime=2026-06-30 16:17:45
2026-06-30 16:18:45.044 [scheduling-1] INFO  com.psi.common.service.BaseUpSyncDownloadService - [purchase] 开始拉取上行同步数据: lastTime=2026-06-30 16:18:15
2026-06-30 16:19:15.055 [scheduling-1] INFO  com.psi.common.service.BaseUpSyncDownloadService - [purchase] 开始拉取上行同步数据: lastTime=2026-06-30 16:18:45
2026-06-30 16:19:45.075 [scheduling-1] INFO  com.psi.common.service.BaseUpSyncDownloadService - [purchase] 开始拉取上行同步数据: lastTime=2026-06-30 16:19:15
2026-06-30 16:20:15.087 [scheduling-1] INFO  com.psi.common.service.BaseUpSyncDownloadService - [purchase] 开始拉取上行同步数据: lastTime=2026-06-30 16:19:45
2026-06-30 16:20:45.106 [scheduling-1] INFO  com.psi.common.service.BaseUpSyncDownloadService - [purchase] 开始拉取上行同步数据: lastTime=2026-06-30 16:20:15
2026-06-30 16:21:15.131 [scheduling-1] INFO  com.psi.common.service.BaseUpSyncDownloadService - [purchase] 开始拉取上行同步数据: lastTime=2026-06-30 16:20:45
2026-06-30 16:21:45.151 [scheduling-1] INFO  com.psi.common.service.BaseUpSyncDownloadService - [purchase] 开始拉取上行同步数据: lastTime=2026-06-30 16:21:15
2026-06-30 16:22:15.173 [scheduling-1] INFO  com.psi.common.service.BaseUpSyncDownloadService - [purchase] 开始拉取上行同步数据: lastTime=2026-06-30 16:21:45
2026-06-30 16:22:45.196 [scheduling-1] INFO  com.psi.common.service.BaseUpSyncDownloadService - [purchase] 开始拉取上行同步数据: lastTime=2026-06-30 16:22:15
2026-06-30 16:23:15.216 [scheduling-1] INFO  com.psi.common.service.BaseUpSyncDownloadService - [purchase] 开始拉取上行同步数据: lastTime=2026-06-30 16:22:45
2026-06-30 16:23:45.240 [scheduling-1] INFO  com.psi.common.service.BaseUpSyncDownloadService - [purchase] 开始拉取上行同步数据: lastTime=2026-06-30 16:23:15
2026-06-30 16:24:15.265 [scheduling-1] INFO  com.psi.common.service.BaseUpSyncDownloadService - [purchase] 开始拉取上行同步数据: lastTime=2026-06-30 16:23:45
2026-06-30 16:24:45.284 [scheduling-1] INFO  com.psi.common.service.BaseUpSyncDownloadService - [purchase] 开始拉取上行同步数据: lastTime=2026-06-30 16:24:15
2026-06-30 16:25:15.312 [scheduling-1] INFO  com.psi.common.service.BaseUpSyncDownloadService - [purchase] 开始拉取上行同步数据: lastTime=2026-06-30 16:24:45
2026-06-30 16:25:45.317 [scheduling-1] INFO  com.psi.common.service.BaseUpSyncDownloadService - [purchase] 开始拉取上行同步数据: lastTime=2026-06-30 16:25:15
2026-06-30 16:26:15.327 [scheduling-1] INFO  com.psi.common.service.BaseUpSyncDownloadService - [purchase] 开始拉取上行同步数据: lastTime=2026-06-30 16:25:45
2026-06-30 16:26:45.340 [scheduling-1] INFO  com.psi.common.service.BaseUpSyncDownloadService - [purchase] 开始拉取上行同步数据: lastTime=2026-06-30 16:26:15
2026-06-30 16:27:15.355 [scheduling-1] INFO  com.psi.common.service.BaseUpSyncDownloadService - [purchase] 开始拉取上行同步数据: lastTime=2026-06-30 16:26:45
2026-06-30 16:27:45.379 [scheduling-1] INFO  com.psi.common.service.BaseUpSyncDownloadService - [purchase] 开始拉取上行同步数据: lastTime=2026-06-30 16:27:15
2026-06-30 16:28:15.394 [scheduling-1] INFO  com.psi.common.service.BaseUpSyncDownloadService - [purchase] 开始拉取上行同步数据: lastTime=2026-06-30 16:27:45
2026-06-30 16:28:45.416 [scheduling-1] INFO  com.psi.common.service.BaseUpSyncDownloadService - [purchase] 开始拉取上行同步数据: lastTime=2026-06-30 16:28:15
2026-06-30 16:29:15.437 [scheduling-1] INFO  com.psi.common.service.BaseUpSyncDownloadService - [purchase] 开始拉取上行同步数据: lastTime=2026-06-30 16:28:45
2026-06-30 16:29:45.466 [scheduling-1] INFO  com.psi.common.service.BaseUpSyncDownloadService - [purchase] 开始拉取上行同步数据: lastTime=2026-06-30 16:29:15
2026-06-30 16:30:15.495 [scheduling-1] INFO  com.psi.common.service.BaseUpSyncDownloadService - [purchase] 开始拉取上行同步数据: lastTime=2026-06-30 16:29:45
2026-06-30 16:30:45.519 [scheduling-1] INFO  com.psi.common.service.BaseUpSyncDownloadService - [purchase] 开始拉取上行同步数据: lastTime=2026-06-30 16:30:15
2026-06-30 16:31:15.534 [scheduling-1] INFO  com.psi.common.service.BaseUpSyncDownloadService - [purchase] 开始拉取上行同步数据: lastTime=2026-06-30 16:30:45
2026-06-30 16:31:45.550 [scheduling-1] INFO  com.psi.common.service.BaseUpSyncDownloadService - [purchase] 开始拉取上行同步数据: lastTime=2026-06-30 16:31:15
2026-06-30 16:32:15.561 [scheduling-1] INFO  com.psi.common.service.BaseUpSyncDownloadService - [purchase] 开始拉取上行同步数据: lastTime=2026-06-30 16:31:45
2026-06-30 16:32:45.580 [scheduling-1] INFO  com.psi.common.service.BaseUpSyncDownloadService - [purchase] 开始拉取上行同步数据: lastTime=2026-06-30 16:32:15
2026-06-30 16:33:15.596 [scheduling-1] INFO  com.psi.common.service.BaseUpSyncDownloadService - [purchase] 开始拉取上行同步数据: lastTime=2026-06-30 16:32:45
2026-06-30 16:33:45.617 [scheduling-1] INFO  com.psi.common.service.BaseUpSyncDownloadService - [purchase] 开始拉取上行同步数据: lastTime=2026-06-30 16:33:15
2026-06-30 16:34:15.636 [scheduling-1] INFO  com.psi.common.service.BaseUpSyncDownloadService - [purchase] 开始拉取上行同步数据: lastTime=2026-06-30 16:33:45
2026-06-30 16:34:45.658 [scheduling-1] INFO  com.psi.common.service.BaseUpSyncDownloadService - [purchase] 开始拉取上行同步数据: lastTime=2026-06-30 16:34:15
2026-06-30 16:35:15.671 [scheduling-1] INFO  com.psi.common.service.BaseUpSyncDownloadService - [purchase] 开始拉取上行同步数据: lastTime=2026-06-30 16:34:45
2026-06-30 16:35:45.680 [scheduling-1] INFO  com.psi.common.service.BaseUpSyncDownloadService - [purchase] 开始拉取上行同步数据: lastTime=2026-06-30 16:35:15
2026-06-30 16:36:15.701 [scheduling-1] INFO  com.psi.common.service.BaseUpSyncDownloadService - [purchase] 开始拉取上行同步数据: lastTime=2026-06-30 16:35:45
2026-06-30 16:36:45.717 [scheduling-1] INFO  com.psi.common.service.BaseUpSyncDownloadService - [purchase] 开始拉取上行同步数据: lastTime=2026-06-30 16:36:15
2026-06-30 16:37:15.738 [scheduling-1] INFO  com.psi.common.service.BaseUpSyncDownloadService - [purchase] 开始拉取上行同步数据: lastTime=2026-06-30 16:36:45
2026-06-30 16:37:45.763 [scheduling-1] INFO  com.psi.common.service.BaseUpSyncDownloadService - [purchase] 开始拉取上行同步数据: lastTime=2026-06-30 16:37:15
2026-06-30 16:38:15.781 [scheduling-1] INFO  com.psi.common.service.BaseUpSyncDownloadService - [purchase] 开始拉取上行同步数据: lastTime=2026-06-30 16:37:45
2026-06-30 16:38:45.799 [scheduling-1] INFO  com.psi.common.service.BaseUpSyncDownloadService - [purchase] 开始拉取上行同步数据: lastTime=2026-06-30 16:38:15
2026-06-30 16:39:15.831 [scheduling-1] INFO  com.psi.common.service.BaseUpSyncDownloadService - [purchase] 开始拉取上行同步数据: lastTime=2026-06-30 16:38:45
2026-06-30 16:39:45.855 [scheduling-1] INFO  com.psi.common.service.BaseUpSyncDownloadService - [purchase] 开始拉取上行同步数据: lastTime=2026-06-30 16:39:15
2026-06-30 16:40:15.866 [scheduling-1] INFO  com.psi.common.service.BaseUpSyncDownloadService - [purchase] 开始拉取上行同步数据: lastTime=2026-06-30 16:39:45
2026-06-30 16:40:45.888 [scheduling-1] INFO  com.psi.common.service.BaseUpSyncDownloadService - [purchase] 开始拉取上行同步数据: lastTime=2026-06-30 16:40:15
2026-06-30 16:41:15.900 [scheduling-1] INFO  com.psi.common.service.BaseUpSyncDownloadService - [purchase] 开始拉取上行同步数据: lastTime=2026-06-30 16:40:45
2026-06-30 16:41:45.909 [scheduling-1] INFO  com.psi.common.service.BaseUpSyncDownloadService - [purchase] 开始拉取上行同步数据: lastTime=2026-06-30 16:41:15
2026-06-30 16:42:15.918 [scheduling-1] INFO  com.psi.common.service.BaseUpSyncDownloadService - [purchase] 开始拉取上行同步数据: lastTime=2026-06-30 16:41:45
2026-06-30 16:42:45.935 [scheduling-1] INFO  com.psi.common.service.BaseUpSyncDownloadService - [purchase] 开始拉取上行同步数据: lastTime=2026-06-30 16:42:15
2026-06-30 16:43:15.942 [scheduling-1] INFO  com.psi.common.service.BaseUpSyncDownloadService - [purchase] 开始拉取上行同步数据: lastTime=2026-06-30 16:42:45
2026-06-30 16:43:45.964 [scheduling-1] INFO  com.psi.common.service.BaseUpSyncDownloadService - [purchase] 开始拉取上行同步数据: lastTime=2026-06-30 16:43:15
2026-06-30 16:44:15.980 [scheduling-1] INFO  com.psi.common.service.BaseUpSyncDownloadService - [purchase] 开始拉取上行同步数据: lastTime=2026-06-30 16:43:45
2026-06-30 16:44:46.000 [scheduling-1] INFO  com.psi.common.service.BaseUpSyncDownloadService - [purchase] 开始拉取上行同步数据: lastTime=2026-06-30 16:44:15
2026-06-30 16:45:16.015 [scheduling-1] INFO  com.psi.common.service.BaseUpSyncDownloadService - [purchase] 开始拉取上行同步数据: lastTime=2026-06-30 16:44:46
2026-06-30 16:45:46.046 [scheduling-1] INFO  com.psi.common.service.BaseUpSyncDownloadService - [purchase] 开始拉取上行同步数据: lastTime=2026-06-30 16:45:16
2026-06-30 16:46:16.058 [scheduling-1] INFO  com.psi.common.service.BaseUpSyncDownloadService - [purchase] 开始拉取上行同步数据: lastTime=2026-06-30 16:45:46
2026-06-30 16:46:46.091 [scheduling-1] INFO  com.psi.common.service.BaseUpSyncDownloadService - [purchase] 开始拉取上行同步数据: lastTime=2026-06-30 16:46:16
2026-06-30 16:47:16.120 [scheduling-1] INFO  com.psi.common.service.BaseUpSyncDownloadService - [purchase] 开始拉取上行同步数据: lastTime=2026-06-30 16:46:46
2026-06-30 16:47:46.137 [scheduling-1] INFO  com.psi.common.service.BaseUpSyncDownloadService - [purchase] 开始拉取上行同步数据: lastTime=2026-06-30 16:47:16
2026-06-30 16:48:16.145 [scheduling-1] INFO  com.psi.common.service.BaseUpSyncDownloadService - [purchase] 开始拉取上行同步数据: lastTime=2026-06-30 16:47:46
2026-06-30 16:48:46.164 [scheduling-1] INFO  com.psi.common.service.BaseUpSyncDownloadService - [purchase] 开始拉取上行同步数据: lastTime=2026-06-30 16:48:16
2026-06-30 16:49:16.173 [scheduling-1] INFO  com.psi.common.service.BaseUpSyncDownloadService - [purchase] 开始拉取上行同步数据: lastTime=2026-06-30 16:48:46
2026-06-30 16:49:46.180 [scheduling-1] INFO  com.psi.common.service.BaseUpSyncDownloadService - [purchase] 开始拉取上行同步数据: lastTime=2026-06-30 16:49:16
2026-06-30 16:50:16.203 [scheduling-1] INFO  com.psi.common.service.BaseUpSyncDownloadService - [purchase] 开始拉取上行同步数据: lastTime=2026-06-30 16:49:46
2026-06-30 16:50:46.227 [scheduling-1] INFO  com.psi.common.service.BaseUpSyncDownloadService - [purchase] 开始拉取上行同步数据: lastTime=2026-06-30 16:50:16
2026-06-30 16:51:16.245 [scheduling-1] INFO  com.psi.common.service.BaseUpSyncDownloadService - [purchase] 开始拉取上行同步数据: lastTime=2026-06-30 16:50:46
2026-06-30 16:51:46.270 [scheduling-1] INFO  com.psi.common.service.BaseUpSyncDownloadService - [purchase] 开始拉取上行同步数据: lastTime=2026-06-30 16:51:16
2026-06-30 16:52:16.285 [scheduling-1] INFO  com.psi.common.service.BaseUpSyncDownloadService - [purchase] 开始拉取上行同步数据: lastTime=2026-06-30 16:51:46
2026-06-30 17:02:49.700 [nacos-grpc-client-executor-127.0.0.1-2064] INFO  com.alibaba.nacos.common.remote.client - [09877d00-b2a9-4d42-b45c-f97fb7cc6c15_config-0] Receive server push request, request = ClientDetectionRequest, requestId = 106
2026-06-30 17:02:49.700 [nacos-grpc-client-executor-127.0.0.1-2064] INFO  com.alibaba.nacos.common.remote.client - [09877d00-b2a9-4d42-b45c-f97fb7cc6c15_config-0] Ack server push request, request = ClientDetectionRequest, requestId = 106
2026-06-30 17:03:04.181 [HikariPool-1 housekeeper] WARN  com.zaxxer.hikari.pool.HikariPool - HikariPool-1 - Thread starvation or clock leap detected (housekeeper delta=10m57s457ms254µs).
2026-06-30 17:03:13.743 [scheduling-1] INFO  com.psi.common.service.BaseUpSyncDownloadService - [purchase] 开始拉取上行同步数据: lastTime=2026-06-30 16:52:16
2026-06-30 17:03:43.792 [scheduling-1] INFO  com.psi.common.service.BaseUpSyncDownloadService - [purchase] 开始拉取上行同步数据: lastTime=2026-06-30 17:03:13
2026-06-30 17:04:13.809 [scheduling-1] INFO  com.psi.common.service.BaseUpSyncDownloadService - [purchase] 开始拉取上行同步数据: lastTime=2026-06-30 17:03:43
2026-06-30 17:04:43.828 [scheduling-1] INFO  com.psi.common.service.BaseUpSyncDownloadService - [purchase] 开始拉取上行同步数据: lastTime=2026-06-30 17:04:13
2026-06-30 17:05:13.856 [scheduling-1] INFO  com.psi.common.service.BaseUpSyncDownloadService - [purchase] 开始拉取上行同步数据: lastTime=2026-06-30 17:04:43
2026-06-30 17:05:43.878 [scheduling-1] INFO  com.psi.common.service.BaseUpSyncDownloadService - [purchase] 开始拉取上行同步数据: lastTime=2026-06-30 17:05:13
2026-06-30 17:06:13.897 [scheduling-1] INFO  com.psi.common.service.BaseUpSyncDownloadService - [purchase] 开始拉取上行同步数据: lastTime=2026-06-30 17:05:43
2026-06-30 17:06:43.916 [scheduling-1] INFO  com.psi.common.service.BaseUpSyncDownloadService - [purchase] 开始拉取上行同步数据: lastTime=2026-06-30 17:06:13
2026-06-30 17:07:13.943 [scheduling-1] INFO  com.psi.common.service.BaseUpSyncDownloadService - [purchase] 开始拉取上行同步数据: lastTime=2026-06-30 17:06:43
2026-06-30 17:07:43.963 [scheduling-1] INFO  com.psi.common.service.BaseUpSyncDownloadService - [purchase] 开始拉取上行同步数据: lastTime=2026-06-30 17:07:13
2026-06-30 17:08:13.981 [scheduling-1] INFO  com.psi.common.service.BaseUpSyncDownloadService - [purchase] 开始拉取上行同步数据: lastTime=2026-06-30 17:07:43
2026-06-30 17:08:44.004 [scheduling-1] INFO  com.psi.common.service.BaseUpSyncDownloadService - [purchase] 开始拉取上行同步数据: lastTime=2026-06-30 17:08:13
2026-06-30 17:09:14.028 [scheduling-1] INFO  com.psi.common.service.BaseUpSyncDownloadService - [purchase] 开始拉取上行同步数据: lastTime=2026-06-30 17:08:44
2026-06-30 17:09:44.053 [scheduling-1] INFO  com.psi.common.service.BaseUpSyncDownloadService - [purchase] 开始拉取上行同步数据: lastTime=2026-06-30 17:09:14
2026-06-30 17:10:14.072 [scheduling-1] INFO  com.psi.common.service.BaseUpSyncDownloadService - [purchase] 开始拉取上行同步数据: lastTime=2026-06-30 17:09:44
2026-06-30 17:10:44.082 [scheduling-1] INFO  com.psi.common.service.BaseUpSyncDownloadService - [purchase] 开始拉取上行同步数据: lastTime=2026-06-30 17:10:14
2026-06-30 17:11:14.094 [scheduling-1] INFO  com.psi.common.service.BaseUpSyncDownloadService - [purchase] 开始拉取上行同步数据: lastTime=2026-06-30 17:10:44
2026-06-30 17:11:44.121 [scheduling-1] INFO  com.psi.common.service.BaseUpSyncDownloadService - [purchase] 开始拉取上行同步数据: lastTime=2026-06-30 17:11:14
2026-06-30 17:12:14.142 [scheduling-1] INFO  com.psi.common.service.BaseUpSyncDownloadService - [purchase] 开始拉取上行同步数据: lastTime=2026-06-30 17:11:44
2026-06-30 17:12:44.166 [scheduling-1] INFO  com.psi.common.service.BaseUpSyncDownloadService - [purchase] 开始拉取上行同步数据: lastTime=2026-06-30 17:12:14
2026-06-30 17:13:14.186 [scheduling-1] INFO  com.psi.common.service.BaseUpSyncDownloadService - [purchase] 开始拉取上行同步数据: lastTime=2026-06-30 17:12:44
2026-06-30 17:13:44.195 [scheduling-1] INFO  com.psi.common.service.BaseUpSyncDownloadService - [purchase] 开始拉取上行同步数据: lastTime=2026-06-30 17:13:14
2026-06-30 17:14:14.212 [scheduling-1] INFO  com.psi.common.service.BaseUpSyncDownloadService - [purchase] 开始拉取上行同步数据: lastTime=2026-06-30 17:13:44
2026-06-30 17:14:44.232 [scheduling-1] INFO  com.psi.common.service.BaseUpSyncDownloadService - [purchase] 开始拉取上行同步数据: lastTime=2026-06-30 17:14:14
2026-06-30 17:15:14.252 [scheduling-1] INFO  com.psi.common.service.BaseUpSyncDownloadService - [purchase] 开始拉取上行同步数据: lastTime=2026-06-30 17:14:44
2026-06-30 17:15:44.274 [scheduling-1] INFO  com.psi.common.service.BaseUpSyncDownloadService - [purchase] 开始拉取上行同步数据: lastTime=2026-06-30 17:15:14
2026-06-30 17:16:14.305 [scheduling-1] INFO  com.psi.common.service.BaseUpSyncDownloadService - [purchase] 开始拉取上行同步数据: lastTime=2026-06-30 17:15:44
2026-06-30 17:16:44.325 [scheduling-1] INFO  com.psi.common.service.BaseUpSyncDownloadService - [purchase] 开始拉取上行同步数据: lastTime=2026-06-30 17:16:14
2026-06-30 17:17:14.339 [scheduling-1] INFO  com.psi.common.service.BaseUpSyncDownloadService - [purchase] 开始拉取上行同步数据: lastTime=2026-06-30 17:16:44
2026-06-30 17:17:44.361 [scheduling-1] INFO  com.psi.common.service.BaseUpSyncDownloadService - [purchase] 开始拉取上行同步数据: lastTime=2026-06-30 17:17:14
2026-06-30 17:18:14.384 [scheduling-1] INFO  com.psi.common.service.BaseUpSyncDownloadService - [purchase] 开始拉取上行同步数据: lastTime=2026-06-30 17:17:44
2026-06-30 17:18:44.403 [scheduling-1] INFO  com.psi.common.service.BaseUpSyncDownloadService - [purchase] 开始拉取上行同步数据: lastTime=2026-06-30 17:18:14
2026-06-30 17:19:14.418 [scheduling-1] INFO  com.psi.common.service.BaseUpSyncDownloadService - [purchase] 开始拉取上行同步数据: lastTime=2026-06-30 17:18:44
2026-06-30 20:19:17.493 [nacos-grpc-client-executor-127.0.0.1-2233] INFO  com.alibaba.nacos.common.remote.client - [78ac799a-17d3-468a-93be-ffd6cb9f0950] Receive server push request, request = ClientDetectionRequest, requestId = 120
2026-06-30 20:19:17.493 [nacos-grpc-client-executor-127.0.0.1-2233] INFO  com.alibaba.nacos.common.remote.client - [78ac799a-17d3-468a-93be-ffd6cb9f0950] Ack server push request, request = ClientDetectionRequest, requestId = 120
2026-06-30 20:19:17.510 [nacos-grpc-client-executor-127.0.0.1-2253] INFO  com.alibaba.nacos.common.remote.client - [09877d00-b2a9-4d42-b45c-f97fb7cc6c15_config-0] Receive server push request, request = ClientDetectionRequest, requestId = 114
2026-06-30 20:19:17.510 [nacos-grpc-client-executor-127.0.0.1-2253] INFO  com.alibaba.nacos.common.remote.client - [09877d00-b2a9-4d42-b45c-f97fb7cc6c15_config-0] Ack server push request, request = ClientDetectionRequest, requestId = 114
2026-06-30 21:56:27.513 [nacos-grpc-client-executor-127.0.0.1-2235] INFO  com.alibaba.nacos.common.remote.client - [78ac799a-17d3-468a-93be-ffd6cb9f0950] Receive server push request, request = ClientDetectionRequest, requestId = 129
2026-06-30 21:56:27.515 [nacos-grpc-client-executor-127.0.0.1-2235] INFO  com.alibaba.nacos.common.remote.client - [78ac799a-17d3-468a-93be-ffd6cb9f0950] Ack server push request, request = ClientDetectionRequest, requestId = 129
2026-06-30 21:56:35.421 [HikariPool-1 housekeeper] WARN  com.zaxxer.hikari.pool.HikariPool - HikariPool-1 - Thread starvation or clock leap detected (housekeeper delta=4h37m36s325ms492µs).
2026-06-30 21:56:45.393 [scheduling-1] INFO  com.psi.common.service.BaseUpSyncDownloadService - [purchase] 开始拉取上行同步数据: lastTime=2026-06-30 17:19:14
2026-06-30 21:57:15.419 [scheduling-1] INFO  com.psi.common.service.BaseUpSyncDownloadService - [purchase] 开始拉取上行同步数据: lastTime=2026-06-30 21:56:45
2026-06-30 21:57:45.428 [scheduling-1] INFO  com.psi.common.service.BaseUpSyncDownloadService - [purchase] 开始拉取上行同步数据: lastTime=2026-06-30 21:57:15
2026-06-30 21:58:15.447 [scheduling-1] INFO  com.psi.common.service.BaseUpSyncDownloadService - [purchase] 开始拉取上行同步数据: lastTime=2026-06-30 21:57:45
2026-06-30 21:58:45.470 [scheduling-1] INFO  com.psi.common.service.BaseUpSyncDownloadService - [purchase] 开始拉取上行同步数据: lastTime=2026-06-30 21:58:15
2026-06-30 21:59:15.493 [scheduling-1] INFO  com.psi.common.service.BaseUpSyncDownloadService - [purchase] 开始拉取上行同步数据: lastTime=2026-06-30 21:58:45
2026-06-30 21:59:45.510 [scheduling-1] INFO  com.psi.common.service.BaseUpSyncDownloadService - [purchase] 开始拉取上行同步数据: lastTime=2026-06-30 21:59:15
2026-06-30 22:00:15.539 [scheduling-1] INFO  com.psi.common.service.BaseUpSyncDownloadService - [purchase] 开始拉取上行同步数据: lastTime=2026-06-30 21:59:45
2026-06-30 22:00:45.558 [scheduling-1] INFO  com.psi.common.service.BaseUpSyncDownloadService - [purchase] 开始拉取上行同步数据: lastTime=2026-06-30 22:00:15
2026-06-30 22:01:15.590 [scheduling-1] INFO  com.psi.common.service.BaseUpSyncDownloadService - [purchase] 开始拉取上行同步数据: lastTime=2026-06-30 22:00:45
2026-06-30 22:01:45.612 [scheduling-1] INFO  com.psi.common.service.BaseUpSyncDownloadService - [purchase] 开始拉取上行同步数据: lastTime=2026-06-30 22:01:15
2026-06-30 22:02:15.632 [scheduling-1] INFO  com.psi.common.service.BaseUpSyncDownloadService - [purchase] 开始拉取上行同步数据: lastTime=2026-06-30 22:01:45
2026-06-30 22:02:45.653 [scheduling-1] INFO  com.psi.common.service.BaseUpSyncDownloadService - [purchase] 开始拉取上行同步数据: lastTime=2026-06-30 22:02:15
2026-06-30 22:03:15.671 [scheduling-1] INFO  com.psi.common.service.BaseUpSyncDownloadService - [purchase] 开始拉取上行同步数据: lastTime=2026-06-30 22:02:45
2026-06-30 22:03:45.681 [scheduling-1] INFO  com.psi.common.service.BaseUpSyncDownloadService - [purchase] 开始拉取上行同步数据: lastTime=2026-06-30 22:03:15
2026-06-30 22:04:15.696 [scheduling-1] INFO  com.psi.common.service.BaseUpSyncDownloadService - [purchase] 开始拉取上行同步数据: lastTime=2026-06-30 22:03:45
2026-06-30 22:04:45.705 [scheduling-1] INFO  com.psi.common.service.BaseUpSyncDownloadService - [purchase] 开始拉取上行同步数据: lastTime=2026-06-30 22:04:15
2026-06-30 22:05:15.721 [scheduling-1] INFO  com.psi.common.service.BaseUpSyncDownloadService - [purchase] 开始拉取上行同步数据: lastTime=2026-06-30 22:04:45
2026-06-30 22:05:45.734 [scheduling-1] INFO  com.psi.common.service.BaseUpSyncDownloadService - [purchase] 开始拉取上行同步数据: lastTime=2026-06-30 22:05:15
2026-06-30 22:06:15.749 [scheduling-1] INFO  com.psi.common.service.BaseUpSyncDownloadService - [purchase] 开始拉取上行同步数据: lastTime=2026-06-30 22:05:45
2026-06-30 22:06:45.770 [scheduling-1] INFO  com.psi.common.service.BaseUpSyncDownloadService - [purchase] 开始拉取上行同步数据: lastTime=2026-06-30 22:06:15
2026-06-30 22:07:15.787 [scheduling-1] INFO  com.psi.common.service.BaseUpSyncDownloadService - [purchase] 开始拉取上行同步数据: lastTime=2026-06-30 22:06:45
2026-06-30 22:07:45.806 [scheduling-1] INFO  com.psi.common.service.BaseUpSyncDownloadService - [purchase] 开始拉取上行同步数据: lastTime=2026-06-30 22:07:15
2026-06-30 22:08:15.823 [scheduling-1] INFO  com.psi.common.service.BaseUpSyncDownloadService - [purchase] 开始拉取上行同步数据: lastTime=2026-06-30 22:07:45
2026-06-30 22:08:45.840 [scheduling-1] INFO  com.psi.common.service.BaseUpSyncDownloadService - [purchase] 开始拉取上行同步数据: lastTime=2026-06-30 22:08:15
2026-06-30 22:09:15.860 [scheduling-1] INFO  com.psi.common.service.BaseUpSyncDownloadService - [purchase] 开始拉取上行同步数据: lastTime=2026-06-30 22:08:45
2026-06-30 22:09:45.865 [scheduling-1] INFO  com.psi.common.service.BaseUpSyncDownloadService - [purchase] 开始拉取上行同步数据: lastTime=2026-06-30 22:09:15
2026-06-30 22:10:15.877 [scheduling-1] INFO  com.psi.common.service.BaseUpSyncDownloadService - [purchase] 开始拉取上行同步数据: lastTime=2026-06-30 22:09:45
2026-06-30 22:10:45.897 [scheduling-1] INFO  com.psi.common.service.BaseUpSyncDownloadService - [purchase] 开始拉取上行同步数据: lastTime=2026-06-30 22:10:15
2026-06-30 22:11:15.905 [scheduling-1] INFO  com.psi.common.service.BaseUpSyncDownloadService - [purchase] 开始拉取上行同步数据: lastTime=2026-06-30 22:10:45
2026-06-30 22:11:45.919 [scheduling-1] INFO  com.psi.common.service.BaseUpSyncDownloadService - [purchase] 开始拉取上行同步数据: lastTime=2026-06-30 22:11:15
2026-06-30 22:12:15.927 [scheduling-1] INFO  com.psi.common.service.BaseUpSyncDownloadService - [purchase] 开始拉取上行同步数据: lastTime=2026-06-30 22:11:45
2026-06-30 22:12:45.940 [scheduling-1] INFO  com.psi.common.service.BaseUpSyncDownloadService - [purchase] 开始拉取上行同步数据: lastTime=2026-06-30 22:12:15
2026-06-30 22:13:15.966 [scheduling-1] INFO  com.psi.common.service.BaseUpSyncDownloadService - [purchase] 开始拉取上行同步数据: lastTime=2026-06-30 22:12:45
2026-06-30 22:13:45.984 [scheduling-1] INFO  com.psi.common.service.BaseUpSyncDownloadService - [purchase] 开始拉取上行同步数据: lastTime=2026-06-30 22:13:15
2026-07-01 01:14:14.729 [scheduling-1] INFO  com.psi.common.service.BaseUpSyncDownloadService - [purchase] 开始拉取上行同步数据: lastTime=2026-06-30 22:13:46
2026-07-01 02:17:42.577 [nacos-grpc-client-executor-127.0.0.1-2439] INFO  com.alibaba.nacos.common.remote.client - [78ac799a-17d3-468a-93be-ffd6cb9f0950] Receive server push request, request = ClientDetectionRequest, requestId = 143
2026-07-01 02:17:42.578 [nacos-grpc-client-executor-127.0.0.1-2439] INFO  com.alibaba.nacos.common.remote.client - [78ac799a-17d3-468a-93be-ffd6cb9f0950] Ack server push request, request = ClientDetectionRequest, requestId = 143
2026-07-01 02:17:58.035 [HikariPool-1 housekeeper] WARN  com.zaxxer.hikari.pool.HikariPool - HikariPool-1 - Thread starvation or clock leap detected (housekeeper delta=4h3m57s816ms326µs600ns).
2026-07-01 02:18:08.374 [scheduling-1] INFO  com.psi.common.service.BaseUpSyncDownloadService - [purchase] 开始拉取上行同步数据: lastTime=2026-07-01 01:14:14
2026-07-01 02:18:38.394 [scheduling-1] INFO  com.psi.common.service.BaseUpSyncDownloadService - [purchase] 开始拉取上行同步数据: lastTime=2026-07-01 02:18:08
2026-07-01 02:19:08.404 [scheduling-1] INFO  com.psi.common.service.BaseUpSyncDownloadService - [purchase] 开始拉取上行同步数据: lastTime=2026-07-01 02:18:38
2026-07-01 02:19:38.422 [scheduling-1] INFO  com.psi.common.service.BaseUpSyncDownloadService - [purchase] 开始拉取上行同步数据: lastTime=2026-07-01 02:19:08
2026-07-01 02:20:08.442 [scheduling-1] INFO  com.psi.common.service.BaseUpSyncDownloadService - [purchase] 开始拉取上行同步数据: lastTime=2026-07-01 02:19:38
2026-07-01 02:20:38.459 [scheduling-1] INFO  com.psi.common.service.BaseUpSyncDownloadService - [purchase] 开始拉取上行同步数据: lastTime=2026-07-01 02:20:08
2026-07-01 02:21:08.476 [scheduling-1] INFO  com.psi.common.service.BaseUpSyncDownloadService - [purchase] 开始拉取上行同步数据: lastTime=2026-07-01 02:20:38
2026-07-01 08:28:19.247 [nacos-grpc-client-executor-127.0.0.1-2484] INFO  com.alibaba.nacos.common.remote.client - [78ac799a-17d3-468a-93be-ffd6cb9f0950] Receive server push request, request = ClientDetectionRequest, requestId = 150
2026-07-01 08:28:19.247 [nacos-grpc-client-executor-127.0.0.1-2484] INFO  com.alibaba.nacos.common.remote.client - [78ac799a-17d3-468a-93be-ffd6cb9f0950] Ack server push request, request = ClientDetectionRequest, requestId = 150
2026-07-01 08:28:19.412 [scheduling-1] INFO  com.psi.common.service.BaseUpSyncDownloadService - [purchase] 开始拉取上行同步数据: lastTime=2026-07-01 02:21:08
2026-07-01 08:28:39.015 [HikariPool-1 housekeeper] WARN  com.zaxxer.hikari.pool.HikariPool - HikariPool-1 - Thread starvation or clock leap detected (housekeeper delta=6h7m16s264ms717µs400ns).
2026-07-01 08:28:49.435 [scheduling-1] INFO  com.psi.common.service.BaseUpSyncDownloadService - [purchase] 开始拉取上行同步数据: lastTime=2026-07-01 08:28:19
2026-07-01 08:29:19.448 [scheduling-1] INFO  com.psi.common.service.BaseUpSyncDownloadService - [purchase] 开始拉取上行同步数据: lastTime=2026-07-01 08:28:49
2026-07-01 08:29:49.464 [scheduling-1] INFO  com.psi.common.service.BaseUpSyncDownloadService - [purchase] 开始拉取上行同步数据: lastTime=2026-07-01 08:29:19
2026-07-01 08:30:19.480 [scheduling-1] INFO  com.psi.common.service.BaseUpSyncDownloadService - [purchase] 开始拉取上行同步数据: lastTime=2026-07-01 08:29:49
2026-07-01 08:30:49.497 [scheduling-1] INFO  com.psi.common.service.BaseUpSyncDownloadService - [purchase] 开始拉取上行同步数据: lastTime=2026-07-01 08:30:19
2026-07-01 08:31:19.519 [scheduling-1] INFO  com.psi.common.service.BaseUpSyncDownloadService - [purchase] 开始拉取上行同步数据: lastTime=2026-07-01 08:30:49
2026-07-01 08:31:49.546 [scheduling-1] INFO  com.psi.common.service.BaseUpSyncDownloadService - [purchase] 开始拉取上行同步数据: lastTime=2026-07-01 08:31:19
2026-07-01 08:32:19.565 [scheduling-1] INFO  com.psi.common.service.BaseUpSyncDownloadService - [purchase] 开始拉取上行同步数据: lastTime=2026-07-01 08:31:49
2026-07-01 08:32:49.581 [scheduling-1] INFO  com.psi.common.service.BaseUpSyncDownloadService - [purchase] 开始拉取上行同步数据: lastTime=2026-07-01 08:32:19
2026-07-01 08:33:19.597 [scheduling-1] INFO  com.psi.common.service.BaseUpSyncDownloadService - [purchase] 开始拉取上行同步数据: lastTime=2026-07-01 08:32:49
2026-07-01 08:33:49.603 [scheduling-1] INFO  com.psi.common.service.BaseUpSyncDownloadService - [purchase] 开始拉取上行同步数据: lastTime=2026-07-01 08:33:19
2026-07-01 08:34:19.623 [scheduling-1] INFO  com.psi.common.service.BaseUpSyncDownloadService - [purchase] 开始拉取上行同步数据: lastTime=2026-07-01 08:33:49
2026-07-01 08:34:49.643 [scheduling-1] INFO  com.psi.common.service.BaseUpSyncDownloadService - [purchase] 开始拉取上行同步数据: lastTime=2026-07-01 08:34:19
2026-07-01 08:35:19.653 [scheduling-1] INFO  com.psi.common.service.BaseUpSyncDownloadService - [purchase] 开始拉取上行同步数据: lastTime=2026-07-01 08:34:49
2026-07-01 08:35:49.667 [scheduling-1] INFO  com.psi.common.service.BaseUpSyncDownloadService - [purchase] 开始拉取上行同步数据: lastTime=2026-07-01 08:35:19
2026-07-01 08:36:19.677 [scheduling-1] INFO  com.psi.common.service.BaseUpSyncDownloadService - [purchase] 开始拉取上行同步数据: lastTime=2026-07-01 08:35:49
2026-07-01 08:36:49.689 [scheduling-1] INFO  com.psi.common.service.BaseUpSyncDownloadService - [purchase] 开始拉取上行同步数据: lastTime=2026-07-01 08:36:19
2026-07-01 08:37:19.706 [scheduling-1] INFO  com.psi.common.service.BaseUpSyncDownloadService - [purchase] 开始拉取上行同步数据: lastTime=2026-07-01 08:36:49
2026-07-01 08:37:49.717 [scheduling-1] INFO  com.psi.common.service.BaseUpSyncDownloadService - [purchase] 开始拉取上行同步数据: lastTime=2026-07-01 08:37:19
2026-07-01 08:38:19.725 [scheduling-1] INFO  com.psi.common.service.BaseUpSyncDownloadService - [purchase] 开始拉取上行同步数据: lastTime=2026-07-01 08:37:49
2026-07-01 08:38:49.732 [scheduling-1] INFO  com.psi.common.service.BaseUpSyncDownloadService - [purchase] 开始拉取上行同步数据: lastTime=2026-07-01 08:38:19
2026-07-01 08:39:19.748 [scheduling-1] INFO  com.psi.common.service.BaseUpSyncDownloadService - [purchase] 开始拉取上行同步数据: lastTime=2026-07-01 08:38:49
2026-07-01 08:39:49.765 [scheduling-1] INFO  com.psi.common.service.BaseUpSyncDownloadService - [purchase] 开始拉取上行同步数据: lastTime=2026-07-01 08:39:19
2026-07-01 08:40:19.785 [scheduling-1] INFO  com.psi.common.service.BaseUpSyncDownloadService - [purchase] 开始拉取上行同步数据: lastTime=2026-07-01 08:39:49
2026-07-01 08:40:49.809 [scheduling-1] INFO  com.psi.common.service.BaseUpSyncDownloadService - [purchase] 开始拉取上行同步数据: lastTime=2026-07-01 08:40:19
2026-07-01 08:41:19.818 [scheduling-1] INFO  com.psi.common.service.BaseUpSyncDownloadService - [purchase] 开始拉取上行同步数据: lastTime=2026-07-01 08:40:49
2026-07-01 08:41:49.834 [scheduling-1] INFO  com.psi.common.service.BaseUpSyncDownloadService - [purchase] 开始拉取上行同步数据: lastTime=2026-07-01 08:41:19
2026-07-01 08:42:19.844 [scheduling-1] INFO  com.psi.common.service.BaseUpSyncDownloadService - [purchase] 开始拉取上行同步数据: lastTime=2026-07-01 08:41:49
2026-07-01 08:42:49.852 [scheduling-1] INFO  com.psi.common.service.BaseUpSyncDownloadService - [purchase] 开始拉取上行同步数据: lastTime=2026-07-01 08:42:19
2026-07-01 08:43:19.866 [scheduling-1] INFO  com.psi.common.service.BaseUpSyncDownloadService - [purchase] 开始拉取上行同步数据: lastTime=2026-07-01 08:42:49
2026-07-01 08:43:49.873 [scheduling-1] INFO  com.psi.common.service.BaseUpSyncDownloadService - [purchase] 开始拉取上行同步数据: lastTime=2026-07-01 08:43:19
2026-07-01 08:44:19.893 [scheduling-1] INFO  com.psi.common.service.BaseUpSyncDownloadService - [purchase] 开始拉取上行同步数据: lastTime=2026-07-01 08:43:49
2026-07-01 08:44:49.912 [scheduling-1] INFO  com.psi.common.service.BaseUpSyncDownloadService - [purchase] 开始拉取上行同步数据: lastTime=2026-07-01 08:44:19
2026-07-01 08:45:19.923 [scheduling-1] INFO  com.psi.common.service.BaseUpSyncDownloadService - [purchase] 开始拉取上行同步数据: lastTime=2026-07-01 08:44:49
2026-07-01 08:45:49.929 [scheduling-1] INFO  com.psi.common.service.BaseUpSyncDownloadService - [purchase] 开始拉取上行同步数据: lastTime=2026-07-01 08:45:19
2026-07-01 08:46:19.950 [scheduling-1] INFO  com.psi.common.service.BaseUpSyncDownloadService - [purchase] 开始拉取上行同步数据: lastTime=2026-07-01 08:45:49
2026-07-01 08:46:49.966 [scheduling-1] INFO  com.psi.common.service.BaseUpSyncDownloadService - [purchase] 开始拉取上行同步数据: lastTime=2026-07-01 08:46:19
2026-07-01 08:47:19.988 [scheduling-1] INFO  com.psi.common.service.BaseUpSyncDownloadService - [purchase] 开始拉取上行同步数据: lastTime=2026-07-01 08:46:49
2026-07-01 08:47:49.997 [scheduling-1] INFO  com.psi.common.service.BaseUpSyncDownloadService - [purchase] 开始拉取上行同步数据: lastTime=2026-07-01 08:47:19
2026-07-01 08:48:20.023 [scheduling-1] INFO  com.psi.common.service.BaseUpSyncDownloadService - [purchase] 开始拉取上行同步数据: lastTime=2026-07-01 08:47:50
2026-07-01 08:48:50.033 [scheduling-1] INFO  com.psi.common.service.BaseUpSyncDownloadService - [purchase] 开始拉取上行同步数据: lastTime=2026-07-01 08:48:20
2026-07-01 08:49:20.055 [scheduling-1] INFO  com.psi.common.service.BaseUpSyncDownloadService - [purchase] 开始拉取上行同步数据: lastTime=2026-07-01 08:48:50
2026-07-01 08:49:50.072 [scheduling-1] INFO  com.psi.common.service.BaseUpSyncDownloadService - [purchase] 开始拉取上行同步数据: lastTime=2026-07-01 08:49:20
2026-07-01 08:50:20.083 [scheduling-1] INFO  com.psi.common.service.BaseUpSyncDownloadService - [purchase] 开始拉取上行同步数据: lastTime=2026-07-01 08:49:50
2026-07-01 08:50:50.109 [scheduling-1] INFO  com.psi.common.service.BaseUpSyncDownloadService - [purchase] 开始拉取上行同步数据: lastTime=2026-07-01 08:50:20
2026-07-01 08:51:20.122 [scheduling-1] INFO  com.psi.common.service.BaseUpSyncDownloadService - [purchase] 开始拉取上行同步数据: lastTime=2026-07-01 08:50:50
2026-07-01 08:51:50.131 [scheduling-1] INFO  com.psi.common.service.BaseUpSyncDownloadService - [purchase] 开始拉取上行同步数据: lastTime=2026-07-01 08:51:20
2026-07-01 08:52:20.157 [scheduling-1] INFO  com.psi.common.service.BaseUpSyncDownloadService - [purchase] 开始拉取上行同步数据: lastTime=2026-07-01 08:51:50
2026-07-01 08:52:50.173 [scheduling-1] INFO  com.psi.common.service.BaseUpSyncDownloadService - [purchase] 开始拉取上行同步数据: lastTime=2026-07-01 08:52:20
2026-07-01 08:53:20.193 [scheduling-1] INFO  com.psi.common.service.BaseUpSyncDownloadService - [purchase] 开始拉取上行同步数据: lastTime=2026-07-01 08:52:50
2026-07-01 08:53:50.212 [scheduling-1] INFO  com.psi.common.service.BaseUpSyncDownloadService - [purchase] 开始拉取上行同步数据: lastTime=2026-07-01 08:53:20
2026-07-01 08:54:20.224 [scheduling-1] INFO  com.psi.common.service.BaseUpSyncDownloadService - [purchase] 开始拉取上行同步数据: lastTime=2026-07-01 08:53:50
2026-07-01 08:54:50.245 [scheduling-1] INFO  com.psi.common.service.BaseUpSyncDownloadService - [purchase] 开始拉取上行同步数据: lastTime=2026-07-01 08:54:20
2026-07-01 08:55:20.268 [scheduling-1] INFO  com.psi.common.service.BaseUpSyncDownloadService - [purchase] 开始拉取上行同步数据: lastTime=2026-07-01 08:54:50
2026-07-01 08:55:50.285 [scheduling-1] INFO  com.psi.common.service.BaseUpSyncDownloadService - [purchase] 开始拉取上行同步数据: lastTime=2026-07-01 08:55:20
2026-07-01 08:56:20.316 [scheduling-1] INFO  com.psi.common.service.BaseUpSyncDownloadService - [purchase] 开始拉取上行同步数据: lastTime=2026-07-01 08:55:50
2026-07-01 08:56:50.337 [scheduling-1] INFO  com.psi.common.service.BaseUpSyncDownloadService - [purchase] 开始拉取上行同步数据: lastTime=2026-07-01 08:56:20
2026-07-01 08:57:20.364 [scheduling-1] INFO  com.psi.common.service.BaseUpSyncDownloadService - [purchase] 开始拉取上行同步数据: lastTime=2026-07-01 08:56:50
2026-07-01 08:57:50.374 [scheduling-1] INFO  com.psi.common.service.BaseUpSyncDownloadService - [purchase] 开始拉取上行同步数据: lastTime=2026-07-01 08:57:20
2026-07-01 08:58:20.405 [scheduling-1] INFO  com.psi.common.service.BaseUpSyncDownloadService - [purchase] 开始拉取上行同步数据: lastTime=2026-07-01 08:57:50
2026-07-01 08:58:50.415 [scheduling-1] INFO  com.psi.common.service.BaseUpSyncDownloadService - [purchase] 开始拉取上行同步数据: lastTime=2026-07-01 08:58:20
2026-07-01 08:59:20.425 [scheduling-1] INFO  com.psi.common.service.BaseUpSyncDownloadService - [purchase] 开始拉取上行同步数据: lastTime=2026-07-01 08:58:50
2026-07-01 08:59:50.442 [scheduling-1] INFO  com.psi.common.service.BaseUpSyncDownloadService - [purchase] 开始拉取上行同步数据: lastTime=2026-07-01 08:59:20
2026-07-01 09:00:20.457 [scheduling-1] INFO  com.psi.common.service.BaseUpSyncDownloadService - [purchase] 开始拉取上行同步数据: lastTime=2026-07-01 08:59:50
2026-07-01 09:00:50.478 [scheduling-1] INFO  com.psi.common.service.BaseUpSyncDownloadService - [purchase] 开始拉取上行同步数据: lastTime=2026-07-01 09:00:20
2026-07-01 09:01:20.499 [scheduling-1] INFO  com.psi.common.service.BaseUpSyncDownloadService - [purchase] 开始拉取上行同步数据: lastTime=2026-07-01 09:00:50
2026-07-01 09:01:50.509 [scheduling-1] INFO  com.psi.common.service.BaseUpSyncDownloadService - [purchase] 开始拉取上行同步数据: lastTime=2026-07-01 09:01:20
2026-07-01 09:02:20.517 [scheduling-1] INFO  com.psi.common.service.BaseUpSyncDownloadService - [purchase] 开始拉取上行同步数据: lastTime=2026-07-01 09:01:50
2026-07-01 09:02:50.525 [scheduling-1] INFO  com.psi.common.service.BaseUpSyncDownloadService - [purchase] 开始拉取上行同步数据: lastTime=2026-07-01 09:02:20
2026-07-01 09:03:20.547 [scheduling-1] INFO  com.psi.common.service.BaseUpSyncDownloadService - [purchase] 开始拉取上行同步数据: lastTime=2026-07-01 09:02:50
2026-07-01 09:03:50.565 [scheduling-1] INFO  com.psi.common.service.BaseUpSyncDownloadService - [purchase] 开始拉取上行同步数据: lastTime=2026-07-01 09:03:20
2026-07-01 09:04:20.585 [scheduling-1] INFO  com.psi.common.service.BaseUpSyncDownloadService - [purchase] 开始拉取上行同步数据: lastTime=2026-07-01 09:03:50
2026-07-01 09:04:50.607 [scheduling-1] INFO  com.psi.common.service.BaseUpSyncDownloadService - [purchase] 开始拉取上行同步数据: lastTime=2026-07-01 09:04:20
2026-07-01 09:05:20.620 [scheduling-1] INFO  com.psi.common.service.BaseUpSyncDownloadService - [purchase] 开始拉取上行同步数据: lastTime=2026-07-01 09:04:50
2026-07-01 09:05:50.636 [scheduling-1] INFO  com.psi.common.service.BaseUpSyncDownloadService - [purchase] 开始拉取上行同步数据: lastTime=2026-07-01 09:05:20
2026-07-01 09:06:20.647 [scheduling-1] INFO  com.psi.common.service.BaseUpSyncDownloadService - [purchase] 开始拉取上行同步数据: lastTime=2026-07-01 09:05:50
2026-07-01 09:06:50.661 [scheduling-1] INFO  com.psi.common.service.BaseUpSyncDownloadService - [purchase] 开始拉取上行同步数据: lastTime=2026-07-01 09:06:20
2026-07-01 09:07:20.690 [scheduling-1] INFO  com.psi.common.service.BaseUpSyncDownloadService - [purchase] 开始拉取上行同步数据: lastTime=2026-07-01 09:06:50
2026-07-01 09:07:50.712 [scheduling-1] INFO  com.psi.common.service.BaseUpSyncDownloadService - [purchase] 开始拉取上行同步数据: lastTime=2026-07-01 09:07:20
2026-07-01 09:08:20.734 [scheduling-1] INFO  com.psi.common.service.BaseUpSyncDownloadService - [purchase] 开始拉取上行同步数据: lastTime=2026-07-01 09:07:50
2026-07-01 09:08:50.752 [scheduling-1] INFO  com.psi.common.service.BaseUpSyncDownloadService - [purchase] 开始拉取上行同步数据: lastTime=2026-07-01 09:08:20
2026-07-01 09:09:20.772 [scheduling-1] INFO  com.psi.common.service.BaseUpSyncDownloadService - [purchase] 开始拉取上行同步数据: lastTime=2026-07-01 09:08:50
2026-07-01 09:09:50.783 [scheduling-1] INFO  com.psi.common.service.BaseUpSyncDownloadService - [purchase] 开始拉取上行同步数据: lastTime=2026-07-01 09:09:20
2026-07-01 09:10:20.800 [scheduling-1] INFO  com.psi.common.service.BaseUpSyncDownloadService - [purchase] 开始拉取上行同步数据: lastTime=2026-07-01 09:09:50
2026-07-01 09:10:50.828 [scheduling-1] INFO  com.psi.common.service.BaseUpSyncDownloadService - [purchase] 开始拉取上行同步数据: lastTime=2026-07-01 09:10:20
2026-07-01 09:11:20.843 [scheduling-1] INFO  com.psi.common.service.BaseUpSyncDownloadService - [purchase] 开始拉取上行同步数据: lastTime=2026-07-01 09:10:50
2026-07-01 09:11:50.864 [scheduling-1] INFO  com.psi.common.service.BaseUpSyncDownloadService - [purchase] 开始拉取上行同步数据: lastTime=2026-07-01 09:11:20
2026-07-01 09:12:20.869 [scheduling-1] INFO  com.psi.common.service.BaseUpSyncDownloadService - [purchase] 开始拉取上行同步数据: lastTime=2026-07-01 09:11:50
2026-07-01 09:12:50.895 [scheduling-1] INFO  com.psi.common.service.BaseUpSyncDownloadService - [purchase] 开始拉取上行同步数据: lastTime=2026-07-01 09:12:20
2026-07-01 09:13:20.902 [scheduling-1] INFO  com.psi.common.service.BaseUpSyncDownloadService - [purchase] 开始拉取上行同步数据: lastTime=2026-07-01 09:12:50
2026-07-01 09:13:50.912 [scheduling-1] INFO  com.psi.common.service.BaseUpSyncDownloadService - [purchase] 开始拉取上行同步数据: lastTime=2026-07-01 09:13:20
2026-07-01 09:14:20.928 [scheduling-1] INFO  com.psi.common.service.BaseUpSyncDownloadService - [purchase] 开始拉取上行同步数据: lastTime=2026-07-01 09:13:50
2026-07-01 09:14:50.945 [scheduling-1] INFO  com.psi.common.service.BaseUpSyncDownloadService - [purchase] 开始拉取上行同步数据: lastTime=2026-07-01 09:14:20
2026-07-01 09:15:20.958 [scheduling-1] INFO  com.psi.common.service.BaseUpSyncDownloadService - [purchase] 开始拉取上行同步数据: lastTime=2026-07-01 09:14:50
2026-07-01 09:15:50.964 [scheduling-1] INFO  com.psi.common.service.BaseUpSyncDownloadService - [purchase] 开始拉取上行同步数据: lastTime=2026-07-01 09:15:20
2026-07-01 09:16:20.989 [scheduling-1] INFO  com.psi.common.service.BaseUpSyncDownloadService - [purchase] 开始拉取上行同步数据: lastTime=2026-07-01 09:15:50
2026-07-01 09:16:51.000 [scheduling-1] INFO  com.psi.common.service.BaseUpSyncDownloadService - [purchase] 开始拉取上行同步数据: lastTime=2026-07-01 09:16:20
2026-07-01 09:17:21.013 [scheduling-1] INFO  com.psi.common.service.BaseUpSyncDownloadService - [purchase] 开始拉取上行同步数据: lastTime=2026-07-01 09:16:51
2026-07-01 09:17:51.042 [scheduling-1] INFO  com.psi.common.service.BaseUpSyncDownloadService - [purchase] 开始拉取上行同步数据: lastTime=2026-07-01 09:17:21
2026-07-01 09:18:21.057 [scheduling-1] INFO  com.psi.common.service.BaseUpSyncDownloadService - [purchase] 开始拉取上行同步数据: lastTime=2026-07-01 09:17:51
2026-07-01 09:18:51.064 [scheduling-1] INFO  com.psi.common.service.BaseUpSyncDownloadService - [purchase] 开始拉取上行同步数据: lastTime=2026-07-01 09:18:21
2026-07-01 09:19:21.079 [scheduling-1] INFO  com.psi.common.service.BaseUpSyncDownloadService - [purchase] 开始拉取上行同步数据: lastTime=2026-07-01 09:18:51
2026-07-01 09:19:51.086 [scheduling-1] INFO  com.psi.common.service.BaseUpSyncDownloadService - [purchase] 开始拉取上行同步数据: lastTime=2026-07-01 09:19:21
2026-07-01 09:20:21.109 [scheduling-1] INFO  com.psi.common.service.BaseUpSyncDownloadService - [purchase] 开始拉取上行同步数据: lastTime=2026-07-01 09:19:51
2026-07-01 09:20:51.135 [scheduling-1] INFO  com.psi.common.service.BaseUpSyncDownloadService - [purchase] 开始拉取上行同步数据: lastTime=2026-07-01 09:20:21
2026-07-01 09:21:21.148 [scheduling-1] INFO  com.psi.common.service.BaseUpSyncDownloadService - [purchase] 开始拉取上行同步数据: lastTime=2026-07-01 09:20:51
2026-07-01 09:21:51.169 [scheduling-1] INFO  com.psi.common.service.BaseUpSyncDownloadService - [purchase] 开始拉取上行同步数据: lastTime=2026-07-01 09:21:21
2026-07-01 09:22:21.191 [scheduling-1] INFO  com.psi.common.service.BaseUpSyncDownloadService - [purchase] 开始拉取上行同步数据: lastTime=2026-07-01 09:21:51
2026-07-01 09:22:51.210 [scheduling-1] INFO  com.psi.common.service.BaseUpSyncDownloadService - [purchase] 开始拉取上行同步数据: lastTime=2026-07-01 09:22:21
2026-07-01 09:23:21.226 [scheduling-1] INFO  com.psi.common.service.BaseUpSyncDownloadService - [purchase] 开始拉取上行同步数据: lastTime=2026-07-01 09:22:51
2026-07-01 09:23:51.241 [scheduling-1] INFO  com.psi.common.service.BaseUpSyncDownloadService - [purchase] 开始拉取上行同步数据: lastTime=2026-07-01 09:23:21
2026-07-01 09:24:21.267 [scheduling-1] INFO  com.psi.common.service.BaseUpSyncDownloadService - [purchase] 开始拉取上行同步数据: lastTime=2026-07-01 09:23:51
2026-07-01 09:24:51.287 [scheduling-1] INFO  com.psi.common.service.BaseUpSyncDownloadService - [purchase] 开始拉取上行同步数据: lastTime=2026-07-01 09:24:21
2026-07-01 09:25:21.309 [scheduling-1] INFO  com.psi.common.service.BaseUpSyncDownloadService - [purchase] 开始拉取上行同步数据: lastTime=2026-07-01 09:24:51
2026-07-01 09:25:51.335 [scheduling-1] INFO  com.psi.common.service.BaseUpSyncDownloadService - [purchase] 开始拉取上行同步数据: lastTime=2026-07-01 09:25:21
2026-07-01 09:26:21.361 [scheduling-1] INFO  com.psi.common.service.BaseUpSyncDownloadService - [purchase] 开始拉取上行同步数据: lastTime=2026-07-01 09:25:51
2026-07-01 09:26:51.377 [scheduling-1] INFO  com.psi.common.service.BaseUpSyncDownloadService - [purchase] 开始拉取上行同步数据: lastTime=2026-07-01 09:26:21
2026-07-01 09:27:21.402 [scheduling-1] INFO  com.psi.common.service.BaseUpSyncDownloadService - [purchase] 开始拉取上行同步数据: lastTime=2026-07-01 09:26:51
2026-07-01 09:27:51.412 [scheduling-1] INFO  com.psi.common.service.BaseUpSyncDownloadService - [purchase] 开始拉取上行同步数据: lastTime=2026-07-01 09:27:21
2026-07-01 09:28:21.436 [scheduling-1] INFO  com.psi.common.service.BaseUpSyncDownloadService - [purchase] 开始拉取上行同步数据: lastTime=2026-07-01 09:27:51
2026-07-01 09:28:51.453 [scheduling-1] INFO  com.psi.common.service.BaseUpSyncDownloadService - [purchase] 开始拉取上行同步数据: lastTime=2026-07-01 09:28:21
2026-07-01 09:29:21.477 [scheduling-1] INFO  com.psi.common.service.BaseUpSyncDownloadService - [purchase] 开始拉取上行同步数据: lastTime=2026-07-01 09:28:51
2026-07-01 09:29:51.497 [scheduling-1] INFO  com.psi.common.service.BaseUpSyncDownloadService - [purchase] 开始拉取上行同步数据: lastTime=2026-07-01 09:29:21
2026-07-01 09:30:21.513 [scheduling-1] INFO  com.psi.common.service.BaseUpSyncDownloadService - [purchase] 开始拉取上行同步数据: lastTime=2026-07-01 09:29:51
2026-07-01 09:30:51.539 [scheduling-1] INFO  com.psi.common.service.BaseUpSyncDownloadService - [purchase] 开始拉取上行同步数据: lastTime=2026-07-01 09:30:21
2026-07-01 09:31:21.550 [scheduling-1] INFO  com.psi.common.service.BaseUpSyncDownloadService - [purchase] 开始拉取上行同步数据: lastTime=2026-07-01 09:30:51
2026-07-01 09:31:51.576 [scheduling-1] INFO  com.psi.common.service.BaseUpSyncDownloadService - [purchase] 开始拉取上行同步数据: lastTime=2026-07-01 09:31:21
2026-07-01 09:32:21.597 [scheduling-1] INFO  com.psi.common.service.BaseUpSyncDownloadService - [purchase] 开始拉取上行同步数据: lastTime=2026-07-01 09:31:51
2026-07-01 09:32:51.604 [scheduling-1] INFO  com.psi.common.service.BaseUpSyncDownloadService - [purchase] 开始拉取上行同步数据: lastTime=2026-07-01 09:32:21
2026-07-01 09:33:21.621 [scheduling-1] INFO  com.psi.common.service.BaseUpSyncDownloadService - [purchase] 开始拉取上行同步数据: lastTime=2026-07-01 09:32:51
2026-07-01 09:33:51.632 [scheduling-1] INFO  com.psi.common.service.BaseUpSyncDownloadService - [purchase] 开始拉取上行同步数据: lastTime=2026-07-01 09:33:21
2026-07-01 09:34:21.642 [scheduling-1] INFO  com.psi.common.service.BaseUpSyncDownloadService - [purchase] 开始拉取上行同步数据: lastTime=2026-07-01 09:33:51
2026-07-01 09:34:51.663 [scheduling-1] INFO  com.psi.common.service.BaseUpSyncDownloadService - [purchase] 开始拉取上行同步数据: lastTime=2026-07-01 09:34:21
2026-07-01 09:35:21.673 [scheduling-1] INFO  com.psi.common.service.BaseUpSyncDownloadService - [purchase] 开始拉取上行同步数据: lastTime=2026-07-01 09:34:51
2026-07-01 09:35:51.695 [scheduling-1] INFO  com.psi.common.service.BaseUpSyncDownloadService - [purchase] 开始拉取上行同步数据: lastTime=2026-07-01 09:35:21
2026-07-01 09:36:21.710 [scheduling-1] INFO  com.psi.common.service.BaseUpSyncDownloadService - [purchase] 开始拉取上行同步数据: lastTime=2026-07-01 09:35:51
2026-07-01 09:36:51.726 [scheduling-1] INFO  com.psi.common.service.BaseUpSyncDownloadService - [purchase] 开始拉取上行同步数据: lastTime=2026-07-01 09:36:21
2026-07-01 09:37:21.748 [scheduling-1] INFO  com.psi.common.service.BaseUpSyncDownloadService - [purchase] 开始拉取上行同步数据: lastTime=2026-07-01 09:36:51
2026-07-01 09:37:51.767 [scheduling-1] INFO  com.psi.common.service.BaseUpSyncDownloadService - [purchase] 开始拉取上行同步数据: lastTime=2026-07-01 09:37:21
2026-07-01 09:38:21.778 [scheduling-1] INFO  com.psi.common.service.BaseUpSyncDownloadService - [purchase] 开始拉取上行同步数据: lastTime=2026-07-01 09:37:51
2026-07-01 09:38:51.785 [scheduling-1] INFO  com.psi.common.service.BaseUpSyncDownloadService - [purchase] 开始拉取上行同步数据: lastTime=2026-07-01 09:38:21
2026-07-01 09:39:21.798 [scheduling-1] INFO  com.psi.common.service.BaseUpSyncDownloadService - [purchase] 开始拉取上行同步数据: lastTime=2026-07-01 09:38:51
2026-07-01 09:39:51.812 [scheduling-1] INFO  com.psi.common.service.BaseUpSyncDownloadService - [purchase] 开始拉取上行同步数据: lastTime=2026-07-01 09:39:21
2026-07-01 09:40:21.831 [scheduling-1] INFO  com.psi.common.service.BaseUpSyncDownloadService - [purchase] 开始拉取上行同步数据: lastTime=2026-07-01 09:39:51
2026-07-01 09:40:51.843 [scheduling-1] INFO  com.psi.common.service.BaseUpSyncDownloadService - [purchase] 开始拉取上行同步数据: lastTime=2026-07-01 09:40:21
2026-07-01 09:41:21.854 [scheduling-1] INFO  com.psi.common.service.BaseUpSyncDownloadService - [purchase] 开始拉取上行同步数据: lastTime=2026-07-01 09:40:51
2026-07-01 09:41:51.858 [scheduling-1] INFO  com.psi.common.service.BaseUpSyncDownloadService - [purchase] 开始拉取上行同步数据: lastTime=2026-07-01 09:41:21
2026-07-01 09:42:21.867 [scheduling-1] INFO  com.psi.common.service.BaseUpSyncDownloadService - [purchase] 开始拉取上行同步数据: lastTime=2026-07-01 09:41:51
2026-07-01 09:42:51.878 [scheduling-1] INFO  com.psi.common.service.BaseUpSyncDownloadService - [purchase] 开始拉取上行同步数据: lastTime=2026-07-01 09:42:21
2026-07-01 09:43:21.892 [scheduling-1] INFO  com.psi.common.service.BaseUpSyncDownloadService - [purchase] 开始拉取上行同步数据: lastTime=2026-07-01 09:42:51
2026-07-01 09:43:51.900 [scheduling-1] INFO  com.psi.common.service.BaseUpSyncDownloadService - [purchase] 开始拉取上行同步数据: lastTime=2026-07-01 09:43:21
2026-07-01 09:44:21.916 [scheduling-1] INFO  com.psi.common.service.BaseUpSyncDownloadService - [purchase] 开始拉取上行同步数据: lastTime=2026-07-01 09:43:51
2026-07-01 09:44:51.935 [scheduling-1] INFO  com.psi.common.service.BaseUpSyncDownloadService - [purchase] 开始拉取上行同步数据: lastTime=2026-07-01 09:44:21
2026-07-01 09:45:21.945 [scheduling-1] INFO  com.psi.common.service.BaseUpSyncDownloadService - [purchase] 开始拉取上行同步数据: lastTime=2026-07-01 09:44:51
2026-07-01 09:45:51.959 [scheduling-1] INFO  com.psi.common.service.BaseUpSyncDownloadService - [purchase] 开始拉取上行同步数据: lastTime=2026-07-01 09:45:21
2026-07-01 09:46:21.980 [scheduling-1] INFO  com.psi.common.service.BaseUpSyncDownloadService - [purchase] 开始拉取上行同步数据: lastTime=2026-07-01 09:45:51
2026-07-01 09:46:52.003 [scheduling-1] INFO  com.psi.common.service.BaseUpSyncDownloadService - [purchase] 开始拉取上行同步数据: lastTime=2026-07-01 09:46:21
2026-07-01 09:47:22.032 [scheduling-1] INFO  com.psi.common.service.BaseUpSyncDownloadService - [purchase] 开始拉取上行同步数据: lastTime=2026-07-01 09:46:52
2026-07-01 09:47:52.055 [scheduling-1] INFO  com.psi.common.service.BaseUpSyncDownloadService - [purchase] 开始拉取上行同步数据: lastTime=2026-07-01 09:47:22
2026-07-01 09:48:22.084 [scheduling-1] INFO  com.psi.common.service.BaseUpSyncDownloadService - [purchase] 开始拉取上行同步数据: lastTime=2026-07-01 09:47:52
2026-07-01 09:48:52.104 [scheduling-1] INFO  com.psi.common.service.BaseUpSyncDownloadService - [purchase] 开始拉取上行同步数据: lastTime=2026-07-01 09:48:22
2026-07-01 09:49:22.128 [scheduling-1] INFO  com.psi.common.service.BaseUpSyncDownloadService - [purchase] 开始拉取上行同步数据: lastTime=2026-07-01 09:48:52
2026-07-01 09:49:52.133 [scheduling-1] INFO  com.psi.common.service.BaseUpSyncDownloadService - [purchase] 开始拉取上行同步数据: lastTime=2026-07-01 09:49:22
2026-07-01 09:50:22.144 [scheduling-1] INFO  com.psi.common.service.BaseUpSyncDownloadService - [purchase] 开始拉取上行同步数据: lastTime=2026-07-01 09:49:52
2026-07-01 09:50:52.154 [scheduling-1] INFO  com.psi.common.service.BaseUpSyncDownloadService - [purchase] 开始拉取上行同步数据: lastTime=2026-07-01 09:50:22
2026-07-01 09:51:22.165 [scheduling-1] INFO  com.psi.common.service.BaseUpSyncDownloadService - [purchase] 开始拉取上行同步数据: lastTime=2026-07-01 09:50:52
2026-07-01 09:51:52.181 [scheduling-1] INFO  com.psi.common.service.BaseUpSyncDownloadService - [purchase] 开始拉取上行同步数据: lastTime=2026-07-01 09:51:22
2026-07-01 09:52:22.202 [scheduling-1] INFO  com.psi.common.service.BaseUpSyncDownloadService - [purchase] 开始拉取上行同步数据: lastTime=2026-07-01 09:51:52
2026-07-01 09:52:52.212 [scheduling-1] INFO  com.psi.common.service.BaseUpSyncDownloadService - [purchase] 开始拉取上行同步数据: lastTime=2026-07-01 09:52:22
2026-07-01 09:53:22.223 [scheduling-1] INFO  com.psi.common.service.BaseUpSyncDownloadService - [purchase] 开始拉取上行同步数据: lastTime=2026-07-01 09:52:52
2026-07-01 09:53:52.238 [scheduling-1] INFO  com.psi.common.service.BaseUpSyncDownloadService - [purchase] 开始拉取上行同步数据: lastTime=2026-07-01 09:53:22
2026-07-01 09:54:22.250 [scheduling-1] INFO  com.psi.common.service.BaseUpSyncDownloadService - [purchase] 开始拉取上行同步数据: lastTime=2026-07-01 09:53:52
2026-07-01 09:54:52.270 [scheduling-1] INFO  com.psi.common.service.BaseUpSyncDownloadService - [purchase] 开始拉取上行同步数据: lastTime=2026-07-01 09:54:22
2026-07-01 09:55:22.288 [scheduling-1] INFO  com.psi.common.service.BaseUpSyncDownloadService - [purchase] 开始拉取上行同步数据: lastTime=2026-07-01 09:54:52
2026-07-01 09:55:52.315 [scheduling-1] INFO  com.psi.common.service.BaseUpSyncDownloadService - [purchase] 开始拉取上行同步数据: lastTime=2026-07-01 09:55:22
2026-07-01 09:56:22.337 [scheduling-1] INFO  com.psi.common.service.BaseUpSyncDownloadService - [purchase] 开始拉取上行同步数据: lastTime=2026-07-01 09:55:52
2026-07-01 09:56:52.356 [scheduling-1] INFO  com.psi.common.service.BaseUpSyncDownloadService - [purchase] 开始拉取上行同步数据: lastTime=2026-07-01 09:56:22
2026-07-01 09:57:22.375 [scheduling-1] INFO  com.psi.common.service.BaseUpSyncDownloadService - [purchase] 开始拉取上行同步数据: lastTime=2026-07-01 09:56:52
2026-07-01 09:57:52.390 [scheduling-1] INFO  com.psi.common.service.BaseUpSyncDownloadService - [purchase] 开始拉取上行同步数据: lastTime=2026-07-01 09:57:22
2026-07-01 09:58:22.406 [scheduling-1] INFO  com.psi.common.service.BaseUpSyncDownloadService - [purchase] 开始拉取上行同步数据: lastTime=2026-07-01 09:57:52
2026-07-01 09:58:52.422 [scheduling-1] INFO  com.psi.common.service.BaseUpSyncDownloadService - [purchase] 开始拉取上行同步数据: lastTime=2026-07-01 09:58:22
2026-07-01 09:59:22.437 [scheduling-1] INFO  com.psi.common.service.BaseUpSyncDownloadService - [purchase] 开始拉取上行同步数据: lastTime=2026-07-01 09:58:52
2026-07-01 09:59:52.450 [scheduling-1] INFO  com.psi.common.service.BaseUpSyncDownloadService - [purchase] 开始拉取上行同步数据: lastTime=2026-07-01 09:59:22
2026-07-01 10:00:22.462 [scheduling-1] INFO  com.psi.common.service.BaseUpSyncDownloadService - [purchase] 开始拉取上行同步数据: lastTime=2026-07-01 09:59:52
2026-07-01 10:00:52.475 [scheduling-1] INFO  com.psi.common.service.BaseUpSyncDownloadService - [purchase] 开始拉取上行同步数据: lastTime=2026-07-01 10:00:22
2026-07-01 10:01:22.487 [scheduling-1] INFO  com.psi.common.service.BaseUpSyncDownloadService - [purchase] 开始拉取上行同步数据: lastTime=2026-07-01 10:00:52
2026-07-01 10:01:52.500 [scheduling-1] INFO  com.psi.common.service.BaseUpSyncDownloadService - [purchase] 开始拉取上行同步数据: lastTime=2026-07-01 10:01:22
2026-07-01 10:02:22.527 [scheduling-1] INFO  com.psi.common.service.BaseUpSyncDownloadService - [purchase] 开始拉取上行同步数据: lastTime=2026-07-01 10:01:52
2026-07-01 10:02:52.532 [scheduling-1] INFO  com.psi.common.service.BaseUpSyncDownloadService - [purchase] 开始拉取上行同步数据: lastTime=2026-07-01 10:02:22
2026-07-01 10:03:22.545 [scheduling-1] INFO  com.psi.common.service.BaseUpSyncDownloadService - [purchase] 开始拉取上行同步数据: lastTime=2026-07-01 10:02:52
2026-07-01 10:03:52.562 [scheduling-1] INFO  com.psi.common.service.BaseUpSyncDownloadService - [purchase] 开始拉取上行同步数据: lastTime=2026-07-01 10:03:22
2026-07-01 10:04:22.576 [scheduling-1] INFO  com.psi.common.service.BaseUpSyncDownloadService - [purchase] 开始拉取上行同步数据: lastTime=2026-07-01 10:03:52
2026-07-01 10:04:52.592 [scheduling-1] INFO  com.psi.common.service.BaseUpSyncDownloadService - [purchase] 开始拉取上行同步数据: lastTime=2026-07-01 10:04:22
2026-07-01 10:05:22.609 [scheduling-1] INFO  com.psi.common.service.BaseUpSyncDownloadService - [purchase] 开始拉取上行同步数据: lastTime=2026-07-01 10:04:52
2026-07-01 10:05:52.637 [scheduling-1] INFO  com.psi.common.service.BaseUpSyncDownloadService - [purchase] 开始拉取上行同步数据: lastTime=2026-07-01 10:05:22
2026-07-01 10:06:22.652 [scheduling-1] INFO  com.psi.common.service.BaseUpSyncDownloadService - [purchase] 开始拉取上行同步数据: lastTime=2026-07-01 10:05:52
2026-07-01 10:06:52.664 [scheduling-1] INFO  com.psi.common.service.BaseUpSyncDownloadService - [purchase] 开始拉取上行同步数据: lastTime=2026-07-01 10:06:22
2026-07-01 10:07:22.690 [scheduling-1] INFO  com.psi.common.service.BaseUpSyncDownloadService - [purchase] 开始拉取上行同步数据: lastTime=2026-07-01 10:06:52
2026-07-01 10:07:52.699 [scheduling-1] INFO  com.psi.common.service.BaseUpSyncDownloadService - [purchase] 开始拉取上行同步数据: lastTime=2026-07-01 10:07:22
2026-07-01 10:08:22.716 [scheduling-1] INFO  com.psi.common.service.BaseUpSyncDownloadService - [purchase] 开始拉取上行同步数据: lastTime=2026-07-01 10:07:52
2026-07-01 10:08:52.730 [scheduling-1] INFO  com.psi.common.service.BaseUpSyncDownloadService - [purchase] 开始拉取上行同步数据: lastTime=2026-07-01 10:08:22
2026-07-01 10:09:22.738 [scheduling-1] INFO  com.psi.common.service.BaseUpSyncDownloadService - [purchase] 开始拉取上行同步数据: lastTime=2026-07-01 10:08:52
2026-07-01 10:09:52.754 [scheduling-1] INFO  com.psi.common.service.BaseUpSyncDownloadService - [purchase] 开始拉取上行同步数据: lastTime=2026-07-01 10:09:22
2026-07-01 10:10:22.783 [scheduling-1] INFO  com.psi.common.service.BaseUpSyncDownloadService - [purchase] 开始拉取上行同步数据: lastTime=2026-07-01 10:09:52
2026-07-01 10:10:52.802 [scheduling-1] INFO  com.psi.common.service.BaseUpSyncDownloadService - [purchase] 开始拉取上行同步数据: lastTime=2026-07-01 10:10:22
2026-07-01 10:11:22.819 [scheduling-1] INFO  com.psi.common.service.BaseUpSyncDownloadService - [purchase] 开始拉取上行同步数据: lastTime=2026-07-01 10:10:52
2026-07-01 10:11:52.841 [scheduling-1] INFO  com.psi.common.service.BaseUpSyncDownloadService - [purchase] 开始拉取上行同步数据: lastTime=2026-07-01 10:11:22
2026-07-01 10:12:22.852 [scheduling-1] INFO  com.psi.common.service.BaseUpSyncDownloadService - [purchase] 开始拉取上行同步数据: lastTime=2026-07-01 10:11:52
2026-07-01 10:12:52.881 [scheduling-1] INFO  com.psi.common.service.BaseUpSyncDownloadService - [purchase] 开始拉取上行同步数据: lastTime=2026-07-01 10:12:22
2026-07-01 10:13:22.890 [scheduling-1] INFO  com.psi.common.service.BaseUpSyncDownloadService - [purchase] 开始拉取上行同步数据: lastTime=2026-07-01 10:12:52
2026-07-01 10:13:52.908 [scheduling-1] INFO  com.psi.common.service.BaseUpSyncDownloadService - [purchase] 开始拉取上行同步数据: lastTime=2026-07-01 10:13:22
2026-07-01 10:14:22.918 [scheduling-1] INFO  com.psi.common.service.BaseUpSyncDownloadService - [purchase] 开始拉取上行同步数据: lastTime=2026-07-01 10:13:52
2026-07-01 10:14:52.943 [scheduling-1] INFO  com.psi.common.service.BaseUpSyncDownloadService - [purchase] 开始拉取上行同步数据: lastTime=2026-07-01 10:14:22
2026-07-01 10:15:22.959 [scheduling-1] INFO  com.psi.common.service.BaseUpSyncDownloadService - [purchase] 开始拉取上行同步数据: lastTime=2026-07-01 10:14:52
2026-07-01 10:15:52.969 [scheduling-1] INFO  com.psi.common.service.BaseUpSyncDownloadService - [purchase] 开始拉取上行同步数据: lastTime=2026-07-01 10:15:22
2026-07-01 10:16:22.976 [scheduling-1] INFO  com.psi.common.service.BaseUpSyncDownloadService - [purchase] 开始拉取上行同步数据: lastTime=2026-07-01 10:15:52
2026-07-01 10:16:52.998 [scheduling-1] INFO  com.psi.common.service.BaseUpSyncDownloadService - [purchase] 开始拉取上行同步数据: lastTime=2026-07-01 10:16:22
2026-07-01 10:17:23.022 [scheduling-1] INFO  com.psi.common.service.BaseUpSyncDownloadService - [purchase] 开始拉取上行同步数据: lastTime=2026-07-01 10:16:53
2026-07-01 10:17:53.038 [scheduling-1] INFO  com.psi.common.service.BaseUpSyncDownloadService - [purchase] 开始拉取上行同步数据: lastTime=2026-07-01 10:17:23
2026-07-01 10:18:23.063 [scheduling-1] INFO  com.psi.common.service.BaseUpSyncDownloadService - [purchase] 开始拉取上行同步数据: lastTime=2026-07-01 10:17:53
2026-07-01 10:18:53.082 [scheduling-1] INFO  com.psi.common.service.BaseUpSyncDownloadService - [purchase] 开始拉取上行同步数据: lastTime=2026-07-01 10:18:23
2026-07-01 10:19:23.095 [scheduling-1] INFO  com.psi.common.service.BaseUpSyncDownloadService - [purchase] 开始拉取上行同步数据: lastTime=2026-07-01 10:18:53
2026-07-01 10:19:53.118 [scheduling-1] INFO  com.psi.common.service.BaseUpSyncDownloadService - [purchase] 开始拉取上行同步数据: lastTime=2026-07-01 10:19:23
2026-07-01 10:20:23.136 [scheduling-1] INFO  com.psi.common.service.BaseUpSyncDownloadService - [purchase] 开始拉取上行同步数据: lastTime=2026-07-01 10:19:53
2026-07-01 10:20:53.160 [scheduling-1] INFO  com.psi.common.service.BaseUpSyncDownloadService - [purchase] 开始拉取上行同步数据: lastTime=2026-07-01 10:20:23
2026-07-01 10:21:23.176 [scheduling-1] INFO  com.psi.common.service.BaseUpSyncDownloadService - [purchase] 开始拉取上行同步数据: lastTime=2026-07-01 10:20:53
2026-07-01 10:21:53.196 [scheduling-1] INFO  com.psi.common.service.BaseUpSyncDownloadService - [purchase] 开始拉取上行同步数据: lastTime=2026-07-01 10:21:23
2026-07-01 10:22:23.207 [scheduling-1] INFO  com.psi.common.service.BaseUpSyncDownloadService - [purchase] 开始拉取上行同步数据: lastTime=2026-07-01 10:21:53
2026-07-01 10:22:53.216 [scheduling-1] INFO  com.psi.common.service.BaseUpSyncDownloadService - [purchase] 开始拉取上行同步数据: lastTime=2026-07-01 10:22:23
2026-07-01 10:23:23.240 [scheduling-1] INFO  com.psi.common.service.BaseUpSyncDownloadService - [purchase] 开始拉取上行同步数据: lastTime=2026-07-01 10:22:53
2026-07-01 10:23:53.257 [scheduling-1] INFO  com.psi.common.service.BaseUpSyncDownloadService - [purchase] 开始拉取上行同步数据: lastTime=2026-07-01 10:23:23
2026-07-01 10:24:23.265 [scheduling-1] INFO  com.psi.common.service.BaseUpSyncDownloadService - [purchase] 开始拉取上行同步数据: lastTime=2026-07-01 10:23:53
2026-07-01 10:24:53.280 [scheduling-1] INFO  com.psi.common.service.BaseUpSyncDownloadService - [purchase] 开始拉取上行同步数据: lastTime=2026-07-01 10:24:23
2026-07-01 10:25:23.307 [scheduling-1] INFO  com.psi.common.service.BaseUpSyncDownloadService - [purchase] 开始拉取上行同步数据: lastTime=2026-07-01 10:24:53
2026-07-01 10:25:53.313 [scheduling-1] INFO  com.psi.common.service.BaseUpSyncDownloadService - [purchase] 开始拉取上行同步数据: lastTime=2026-07-01 10:25:23
2026-07-01 10:26:23.323 [scheduling-1] INFO  com.psi.common.service.BaseUpSyncDownloadService - [purchase] 开始拉取上行同步数据: lastTime=2026-07-01 10:25:53
2026-07-01 10:26:53.338 [scheduling-1] INFO  com.psi.common.service.BaseUpSyncDownloadService - [purchase] 开始拉取上行同步数据: lastTime=2026-07-01 10:26:23
2026-07-01 10:27:23.361 [scheduling-1] INFO  com.psi.common.service.BaseUpSyncDownloadService - [purchase] 开始拉取上行同步数据: lastTime=2026-07-01 10:26:53
2026-07-01 10:27:53.370 [scheduling-1] INFO  com.psi.common.service.BaseUpSyncDownloadService - [purchase] 开始拉取上行同步数据: lastTime=2026-07-01 10:27:23
2026-07-01 10:28:23.386 [scheduling-1] INFO  com.psi.common.service.BaseUpSyncDownloadService - [purchase] 开始拉取上行同步数据: lastTime=2026-07-01 10:27:53
2026-07-01 10:28:53.415 [scheduling-1] INFO  com.psi.common.service.BaseUpSyncDownloadService - [purchase] 开始拉取上行同步数据: lastTime=2026-07-01 10:28:23
2026-07-01 10:29:23.429 [scheduling-1] INFO  com.psi.common.service.BaseUpSyncDownloadService - [purchase] 开始拉取上行同步数据: lastTime=2026-07-01 10:28:53
2026-07-01 10:29:53.452 [scheduling-1] INFO  com.psi.common.service.BaseUpSyncDownloadService - [purchase] 开始拉取上行同步数据: lastTime=2026-07-01 10:29:23
2026-07-01 10:30:23.470 [scheduling-1] INFO  com.psi.common.service.BaseUpSyncDownloadService - [purchase] 开始拉取上行同步数据: lastTime=2026-07-01 10:29:53
2026-07-01 10:30:53.491 [scheduling-1] INFO  com.psi.common.service.BaseUpSyncDownloadService - [purchase] 开始拉取上行同步数据: lastTime=2026-07-01 10:30:23
2026-07-01 10:31:23.512 [scheduling-1] INFO  com.psi.common.service.BaseUpSyncDownloadService - [purchase] 开始拉取上行同步数据: lastTime=2026-07-01 10:30:53
2026-07-01 10:31:53.534 [scheduling-1] INFO  com.psi.common.service.BaseUpSyncDownloadService - [purchase] 开始拉取上行同步数据: lastTime=2026-07-01 10:31:23
2026-07-01 10:32:23.542 [scheduling-1] INFO  com.psi.common.service.BaseUpSyncDownloadService - [purchase] 开始拉取上行同步数据: lastTime=2026-07-01 10:31:53
2026-07-01 10:32:53.556 [scheduling-1] INFO  com.psi.common.service.BaseUpSyncDownloadService - [purchase] 开始拉取上行同步数据: lastTime=2026-07-01 10:32:23
2026-07-01 10:33:23.578 [scheduling-1] INFO  com.psi.common.service.BaseUpSyncDownloadService - [purchase] 开始拉取上行同步数据: lastTime=2026-07-01 10:32:53
2026-07-01 10:33:53.589 [scheduling-1] INFO  com.psi.common.service.BaseUpSyncDownloadService - [purchase] 开始拉取上行同步数据: lastTime=2026-07-01 10:33:23
2026-07-01 10:34:23.594 [scheduling-1] INFO  com.psi.common.service.BaseUpSyncDownloadService - [purchase] 开始拉取上行同步数据: lastTime=2026-07-01 10:33:53
2026-07-01 10:34:53.612 [scheduling-1] INFO  com.psi.common.service.BaseUpSyncDownloadService - [purchase] 开始拉取上行同步数据: lastTime=2026-07-01 10:34:23
2026-07-01 10:35:23.637 [scheduling-1] INFO  com.psi.common.service.BaseUpSyncDownloadService - [purchase] 开始拉取上行同步数据: lastTime=2026-07-01 10:34:53
2026-07-01 10:35:53.663 [scheduling-1] INFO  com.psi.common.service.BaseUpSyncDownloadService - [purchase] 开始拉取上行同步数据: lastTime=2026-07-01 10:35:23
2026-07-01 10:36:23.674 [scheduling-1] INFO  com.psi.common.service.BaseUpSyncDownloadService - [purchase] 开始拉取上行同步数据: lastTime=2026-07-01 10:35:53
2026-07-01 10:36:53.703 [scheduling-1] INFO  com.psi.common.service.BaseUpSyncDownloadService - [purchase] 开始拉取上行同步数据: lastTime=2026-07-01 10:36:23
2026-07-01 10:37:23.721 [scheduling-1] INFO  com.psi.common.service.BaseUpSyncDownloadService - [purchase] 开始拉取上行同步数据: lastTime=2026-07-01 10:36:53
2026-07-01 10:37:53.737 [scheduling-1] INFO  com.psi.common.service.BaseUpSyncDownloadService - [purchase] 开始拉取上行同步数据: lastTime=2026-07-01 10:37:23
2026-07-01 10:38:23.758 [scheduling-1] INFO  com.psi.common.service.BaseUpSyncDownloadService - [purchase] 开始拉取上行同步数据: lastTime=2026-07-01 10:37:53
2026-07-01 10:38:53.772 [scheduling-1] INFO  com.psi.common.service.BaseUpSyncDownloadService - [purchase] 开始拉取上行同步数据: lastTime=2026-07-01 10:38:23
2026-07-01 10:39:23.787 [scheduling-1] INFO  com.psi.common.service.BaseUpSyncDownloadService - [purchase] 开始拉取上行同步数据: lastTime=2026-07-01 10:38:53
2026-07-01 10:39:53.810 [scheduling-1] INFO  com.psi.common.service.BaseUpSyncDownloadService - [purchase] 开始拉取上行同步数据: lastTime=2026-07-01 10:39:23
2026-07-01 10:40:23.823 [scheduling-1] INFO  com.psi.common.service.BaseUpSyncDownloadService - [purchase] 开始拉取上行同步数据: lastTime=2026-07-01 10:39:53
2026-07-01 10:40:53.840 [scheduling-1] INFO  com.psi.common.service.BaseUpSyncDownloadService - [purchase] 开始拉取上行同步数据: lastTime=2026-07-01 10:40:23
2026-07-01 10:41:23.855 [scheduling-1] INFO  com.psi.common.service.BaseUpSyncDownloadService - [purchase] 开始拉取上行同步数据: lastTime=2026-07-01 10:40:53
2026-07-01 10:41:53.871 [scheduling-1] INFO  com.psi.common.service.BaseUpSyncDownloadService - [purchase] 开始拉取上行同步数据: lastTime=2026-07-01 10:41:23
2026-07-01 10:42:23.885 [scheduling-1] INFO  com.psi.common.service.BaseUpSyncDownloadService - [purchase] 开始拉取上行同步数据: lastTime=2026-07-01 10:41:53
2026-07-01 10:42:53.903 [scheduling-1] INFO  com.psi.common.service.BaseUpSyncDownloadService - [purchase] 开始拉取上行同步数据: lastTime=2026-07-01 10:42:23
2026-07-01 10:43:23.923 [scheduling-1] INFO  com.psi.common.service.BaseUpSyncDownloadService - [purchase] 开始拉取上行同步数据: lastTime=2026-07-01 10:42:53
2026-07-01 10:43:53.934 [scheduling-1] INFO  com.psi.common.service.BaseUpSyncDownloadService - [purchase] 开始拉取上行同步数据: lastTime=2026-07-01 10:43:23
2026-07-01 10:44:23.953 [scheduling-1] INFO  com.psi.common.service.BaseUpSyncDownloadService - [purchase] 开始拉取上行同步数据: lastTime=2026-07-01 10:43:53
2026-07-01 10:44:53.969 [scheduling-1] INFO  com.psi.common.service.BaseUpSyncDownloadService - [purchase] 开始拉取上行同步数据: lastTime=2026-07-01 10:44:23
2026-07-01 10:45:23.986 [scheduling-1] INFO  com.psi.common.service.BaseUpSyncDownloadService - [purchase] 开始拉取上行同步数据: lastTime=2026-07-01 10:44:53
2026-07-01 10:45:54.007 [scheduling-1] INFO  com.psi.common.service.BaseUpSyncDownloadService - [purchase] 开始拉取上行同步数据: lastTime=2026-07-01 10:45:23
2026-07-01 10:46:24.026 [scheduling-1] INFO  com.psi.common.service.BaseUpSyncDownloadService - [purchase] 开始拉取上行同步数据: lastTime=2026-07-01 10:45:54
2026-07-01 10:46:54.039 [scheduling-1] INFO  com.psi.common.service.BaseUpSyncDownloadService - [purchase] 开始拉取上行同步数据: lastTime=2026-07-01 10:46:24
2026-07-01 10:47:24.055 [scheduling-1] INFO  com.psi.common.service.BaseUpSyncDownloadService - [purchase] 开始拉取上行同步数据: lastTime=2026-07-01 10:46:54
2026-07-01 10:47:54.072 [scheduling-1] INFO  com.psi.common.service.BaseUpSyncDownloadService - [purchase] 开始拉取上行同步数据: lastTime=2026-07-01 10:47:24
2026-07-01 10:48:24.086 [scheduling-1] INFO  com.psi.common.service.BaseUpSyncDownloadService - [purchase] 开始拉取上行同步数据: lastTime=2026-07-01 10:47:54
2026-07-01 10:48:54.105 [scheduling-1] INFO  com.psi.common.service.BaseUpSyncDownloadService - [purchase] 开始拉取上行同步数据: lastTime=2026-07-01 10:48:24
2026-07-01 10:49:24.127 [scheduling-1] INFO  com.psi.common.service.BaseUpSyncDownloadService - [purchase] 开始拉取上行同步数据: lastTime=2026-07-01 10:48:54
2026-07-01 10:49:54.141 [scheduling-1] INFO  com.psi.common.service.BaseUpSyncDownloadService - [purchase] 开始拉取上行同步数据: lastTime=2026-07-01 10:49:24
2026-07-01 10:50:24.150 [scheduling-1] INFO  com.psi.common.service.BaseUpSyncDownloadService - [purchase] 开始拉取上行同步数据: lastTime=2026-07-01 10:49:54
2026-07-01 10:50:54.165 [scheduling-1] INFO  com.psi.common.service.BaseUpSyncDownloadService - [purchase] 开始拉取上行同步数据: lastTime=2026-07-01 10:50:24
2026-07-01 10:51:24.197 [scheduling-1] INFO  com.psi.common.service.BaseUpSyncDownloadService - [purchase] 开始拉取上行同步数据: lastTime=2026-07-01 10:50:54
2026-07-01 10:51:54.217 [scheduling-1] INFO  com.psi.common.service.BaseUpSyncDownloadService - [purchase] 开始拉取上行同步数据: lastTime=2026-07-01 10:51:24
2026-07-01 10:52:24.224 [scheduling-1] INFO  com.psi.common.service.BaseUpSyncDownloadService - [purchase] 开始拉取上行同步数据: lastTime=2026-07-01 10:51:54
2026-07-01 10:52:54.229 [scheduling-1] INFO  com.psi.common.service.BaseUpSyncDownloadService - [purchase] 开始拉取上行同步数据: lastTime=2026-07-01 10:52:24
2026-07-01 10:53:24.247 [scheduling-1] INFO  com.psi.common.service.BaseUpSyncDownloadService - [purchase] 开始拉取上行同步数据: lastTime=2026-07-01 10:52:54
2026-07-01 10:53:54.266 [scheduling-1] INFO  com.psi.common.service.BaseUpSyncDownloadService - [purchase] 开始拉取上行同步数据: lastTime=2026-07-01 10:53:24
2026-07-01 10:54:24.273 [scheduling-1] INFO  com.psi.common.service.BaseUpSyncDownloadService - [purchase] 开始拉取上行同步数据: lastTime=2026-07-01 10:53:54
2026-07-01 10:54:54.286 [scheduling-1] INFO  com.psi.common.service.BaseUpSyncDownloadService - [purchase] 开始拉取上行同步数据: lastTime=2026-07-01 10:54:24
2026-07-01 10:55:24.309 [scheduling-1] INFO  com.psi.common.service.BaseUpSyncDownloadService - [purchase] 开始拉取上行同步数据: lastTime=2026-07-01 10:54:54
2026-07-01 10:55:54.329 [scheduling-1] INFO  com.psi.common.service.BaseUpSyncDownloadService - [purchase] 开始拉取上行同步数据: lastTime=2026-07-01 10:55:24
2026-07-01 10:56:24.342 [scheduling-1] INFO  com.psi.common.service.BaseUpSyncDownloadService - [purchase] 开始拉取上行同步数据: lastTime=2026-07-01 10:55:54
2026-07-01 10:56:54.369 [scheduling-1] INFO  com.psi.common.service.BaseUpSyncDownloadService - [purchase] 开始拉取上行同步数据: lastTime=2026-07-01 10:56:24
2026-07-01 10:57:24.391 [scheduling-1] INFO  com.psi.common.service.BaseUpSyncDownloadService - [purchase] 开始拉取上行同步数据: lastTime=2026-07-01 10:56:54
2026-07-01 10:57:54.402 [scheduling-1] INFO  com.psi.common.service.BaseUpSyncDownloadService - [purchase] 开始拉取上行同步数据: lastTime=2026-07-01 10:57:24
2026-07-01 10:58:24.425 [scheduling-1] INFO  com.psi.common.service.BaseUpSyncDownloadService - [purchase] 开始拉取上行同步数据: lastTime=2026-07-01 10:57:54
2026-07-01 10:58:54.441 [scheduling-1] INFO  com.psi.common.service.BaseUpSyncDownloadService - [purchase] 开始拉取上行同步数据: lastTime=2026-07-01 10:58:24
2026-07-01 10:59:24.460 [scheduling-1] INFO  com.psi.common.service.BaseUpSyncDownloadService - [purchase] 开始拉取上行同步数据: lastTime=2026-07-01 10:58:54
2026-07-01 10:59:54.477 [scheduling-1] INFO  com.psi.common.service.BaseUpSyncDownloadService - [purchase] 开始拉取上行同步数据: lastTime=2026-07-01 10:59:24
2026-07-01 11:00:24.498 [scheduling-1] INFO  com.psi.common.service.BaseUpSyncDownloadService - [purchase] 开始拉取上行同步数据: lastTime=2026-07-01 10:59:54
2026-07-01 11:00:54.506 [scheduling-1] INFO  com.psi.common.service.BaseUpSyncDownloadService - [purchase] 开始拉取上行同步数据: lastTime=2026-07-01 11:00:24
2026-07-01 11:01:24.514 [scheduling-1] INFO  com.psi.common.service.BaseUpSyncDownloadService - [purchase] 开始拉取上行同步数据: lastTime=2026-07-01 11:00:54
2026-07-01 11:01:54.523 [scheduling-1] INFO  com.psi.common.service.BaseUpSyncDownloadService - [purchase] 开始拉取上行同步数据: lastTime=2026-07-01 11:01:24
2026-07-01 11:02:24.535 [scheduling-1] INFO  com.psi.common.service.BaseUpSyncDownloadService - [purchase] 开始拉取上行同步数据: lastTime=2026-07-01 11:01:54
2026-07-01 11:02:54.547 [scheduling-1] INFO  com.psi.common.service.BaseUpSyncDownloadService - [purchase] 开始拉取上行同步数据: lastTime=2026-07-01 11:02:24
2026-07-01 11:03:24.576 [scheduling-1] INFO  com.psi.common.service.BaseUpSyncDownloadService - [purchase] 开始拉取上行同步数据: lastTime=2026-07-01 11:02:54
2026-07-01 11:03:54.596 [scheduling-1] INFO  com.psi.common.service.BaseUpSyncDownloadService - [purchase] 开始拉取上行同步数据: lastTime=2026-07-01 11:03:24
2026-07-01 11:04:24.613 [scheduling-1] INFO  com.psi.common.service.BaseUpSyncDownloadService - [purchase] 开始拉取上行同步数据: lastTime=2026-07-01 11:03:54
2026-07-01 11:04:54.637 [scheduling-1] INFO  com.psi.common.service.BaseUpSyncDownloadService - [purchase] 开始拉取上行同步数据: lastTime=2026-07-01 11:04:24
2026-07-01 11:05:24.657 [scheduling-1] INFO  com.psi.common.service.BaseUpSyncDownloadService - [purchase] 开始拉取上行同步数据: lastTime=2026-07-01 11:04:54
2026-07-01 11:05:54.678 [scheduling-1] INFO  com.psi.common.service.BaseUpSyncDownloadService - [purchase] 开始拉取上行同步数据: lastTime=2026-07-01 11:05:24
2026-07-01 11:06:24.695 [scheduling-1] INFO  com.psi.common.service.BaseUpSyncDownloadService - [purchase] 开始拉取上行同步数据: lastTime=2026-07-01 11:05:54
2026-07-01 11:06:54.705 [scheduling-1] INFO  com.psi.common.service.BaseUpSyncDownloadService - [purchase] 开始拉取上行同步数据: lastTime=2026-07-01 11:06:24
2026-07-01 11:07:24.734 [scheduling-1] INFO  com.psi.common.service.BaseUpSyncDownloadService - [purchase] 开始拉取上行同步数据: lastTime=2026-07-01 11:06:54
2026-07-01 11:07:54.749 [scheduling-1] INFO  com.psi.common.service.BaseUpSyncDownloadService - [purchase] 开始拉取上行同步数据: lastTime=2026-07-01 11:07:24
2026-07-01 14:00:49.974 [nacos-grpc-client-executor-127.0.0.1-4333] INFO  com.alibaba.nacos.common.remote.client - [09877d00-b2a9-4d42-b45c-f97fb7cc6c15_config-0] Receive server push request, request = ClientDetectionRequest, requestId = 154
2026-07-01 14:00:49.974 [nacos-grpc-client-executor-127.0.0.1-4307] INFO  com.alibaba.nacos.common.remote.client - [78ac799a-17d3-468a-93be-ffd6cb9f0950] Receive server push request, request = ClientDetectionRequest, requestId = 160
2026-07-01 14:00:49.974 [nacos-grpc-client-executor-127.0.0.1-4333] INFO  com.alibaba.nacos.common.remote.client - [09877d00-b2a9-4d42-b45c-f97fb7cc6c15_config-0] Ack server push request, request = ClientDetectionRequest, requestId = 154
2026-07-01 14:00:49.975 [nacos-grpc-client-executor-127.0.0.1-4307] INFO  com.alibaba.nacos.common.remote.client - [78ac799a-17d3-468a-93be-ffd6cb9f0950] Ack server push request, request = ClientDetectionRequest, requestId = 160
2026-07-01 14:00:51.391 [HikariPool-1 housekeeper] WARN  com.zaxxer.hikari.pool.HikariPool - HikariPool-1 - Thread starvation or clock leap detected (housekeeper delta=2h53m9s846ms760µs300ns).
2026-07-01 14:01:04.616 [scheduling-1] INFO  com.psi.common.service.BaseUpSyncDownloadService - [purchase] 开始拉取上行同步数据: lastTime=2026-07-01 11:07:54
2026-07-01 14:01:34.639 [scheduling-1] INFO  com.psi.common.service.BaseUpSyncDownloadService - [purchase] 开始拉取上行同步数据: lastTime=2026-07-01 14:01:04
2026-07-01 14:02:04.660 [scheduling-1] INFO  com.psi.common.service.BaseUpSyncDownloadService - [purchase] 开始拉取上行同步数据: lastTime=2026-07-01 14:01:34
2026-07-01 14:02:34.672 [scheduling-1] INFO  com.psi.common.service.BaseUpSyncDownloadService - [purchase] 开始拉取上行同步数据: lastTime=2026-07-01 14:02:04
2026-07-01 14:03:04.684 [scheduling-1] INFO  com.psi.common.service.BaseUpSyncDownloadService - [purchase] 开始拉取上行同步数据: lastTime=2026-07-01 14:02:34
2026-07-01 14:03:34.703 [scheduling-1] INFO  com.psi.common.service.BaseUpSyncDownloadService - [purchase] 开始拉取上行同步数据: lastTime=2026-07-01 14:03:04
2026-07-01 14:04:04.726 [scheduling-1] INFO  com.psi.common.service.BaseUpSyncDownloadService - [purchase] 开始拉取上行同步数据: lastTime=2026-07-01 14:03:34
2026-07-01 14:04:34.746 [scheduling-1] INFO  com.psi.common.service.BaseUpSyncDownloadService - [purchase] 开始拉取上行同步数据: lastTime=2026-07-01 14:04:04
2026-07-01 14:05:04.769 [scheduling-1] INFO  com.psi.common.service.BaseUpSyncDownloadService - [purchase] 开始拉取上行同步数据: lastTime=2026-07-01 14:04:34
2026-07-01 14:05:34.780 [scheduling-1] INFO  com.psi.common.service.BaseUpSyncDownloadService - [purchase] 开始拉取上行同步数据: lastTime=2026-07-01 14:05:04
2026-07-01 14:06:04.799 [scheduling-1] INFO  com.psi.common.service.BaseUpSyncDownloadService - [purchase] 开始拉取上行同步数据: lastTime=2026-07-01 14:05:34
2026-07-01 14:06:34.808 [scheduling-1] INFO  com.psi.common.service.BaseUpSyncDownloadService - [purchase] 开始拉取上行同步数据: lastTime=2026-07-01 14:06:04
2026-07-01 14:07:04.828 [scheduling-1] INFO  com.psi.common.service.BaseUpSyncDownloadService - [purchase] 开始拉取上行同步数据: lastTime=2026-07-01 14:06:34
2026-07-01 14:07:34.852 [scheduling-1] INFO  com.psi.common.service.BaseUpSyncDownloadService - [purchase] 开始拉取上行同步数据: lastTime=2026-07-01 14:07:04
2026-07-01 14:08:04.863 [scheduling-1] INFO  com.psi.common.service.BaseUpSyncDownloadService - [purchase] 开始拉取上行同步数据: lastTime=2026-07-01 14:07:34
2026-07-01 14:08:34.869 [scheduling-1] INFO  com.psi.common.service.BaseUpSyncDownloadService - [purchase] 开始拉取上行同步数据: lastTime=2026-07-01 14:08:04
2026-07-01 14:09:04.888 [scheduling-1] INFO  com.psi.common.service.BaseUpSyncDownloadService - [purchase] 开始拉取上行同步数据: lastTime=2026-07-01 14:08:34
2026-07-01 14:09:34.895 [scheduling-1] INFO  com.psi.common.service.BaseUpSyncDownloadService - [purchase] 开始拉取上行同步数据: lastTime=2026-07-01 14:09:04
2026-07-01 14:10:04.902 [scheduling-1] INFO  com.psi.common.service.BaseUpSyncDownloadService - [purchase] 开始拉取上行同步数据: lastTime=2026-07-01 14:09:34
2026-07-01 14:10:34.912 [scheduling-1] INFO  com.psi.common.service.BaseUpSyncDownloadService - [purchase] 开始拉取上行同步数据: lastTime=2026-07-01 14:10:04
2026-07-01 14:11:04.932 [scheduling-1] INFO  com.psi.common.service.BaseUpSyncDownloadService - [purchase] 开始拉取上行同步数据: lastTime=2026-07-01 14:10:34
2026-07-01 14:11:34.940 [scheduling-1] INFO  com.psi.common.service.BaseUpSyncDownloadService - [purchase] 开始拉取上行同步数据: lastTime=2026-07-01 14:11:04
2026-07-01 14:12:04.952 [scheduling-1] INFO  com.psi.common.service.BaseUpSyncDownloadService - [purchase] 开始拉取上行同步数据: lastTime=2026-07-01 14:11:34
2026-07-01 14:12:34.971 [scheduling-1] INFO  com.psi.common.service.BaseUpSyncDownloadService - [purchase] 开始拉取上行同步数据: lastTime=2026-07-01 14:12:04
2026-07-01 14:13:04.987 [scheduling-1] INFO  com.psi.common.service.BaseUpSyncDownloadService - [purchase] 开始拉取上行同步数据: lastTime=2026-07-01 14:12:34
2026-07-01 14:13:34.995 [scheduling-1] INFO  com.psi.common.service.BaseUpSyncDownloadService - [purchase] 开始拉取上行同步数据: lastTime=2026-07-01 14:13:04
2026-07-01 14:14:05.014 [scheduling-1] INFO  com.psi.common.service.BaseUpSyncDownloadService - [purchase] 开始拉取上行同步数据: lastTime=2026-07-01 14:13:34
2026-07-01 14:14:35.025 [scheduling-1] INFO  com.psi.common.service.BaseUpSyncDownloadService - [purchase] 开始拉取上行同步数据: lastTime=2026-07-01 14:14:05
2026-07-01 14:15:05.042 [scheduling-1] INFO  com.psi.common.service.BaseUpSyncDownloadService - [purchase] 开始拉取上行同步数据: lastTime=2026-07-01 14:14:35
2026-07-01 14:15:35.060 [scheduling-1] INFO  com.psi.common.service.BaseUpSyncDownloadService - [purchase] 开始拉取上行同步数据: lastTime=2026-07-01 14:15:05
2026-07-01 14:16:05.068 [scheduling-1] INFO  com.psi.common.service.BaseUpSyncDownloadService - [purchase] 开始拉取上行同步数据: lastTime=2026-07-01 14:15:35
2026-07-01 14:16:35.088 [scheduling-1] INFO  com.psi.common.service.BaseUpSyncDownloadService - [purchase] 开始拉取上行同步数据: lastTime=2026-07-01 14:16:05
2026-07-01 14:17:05.104 [scheduling-1] INFO  com.psi.common.service.BaseUpSyncDownloadService - [purchase] 开始拉取上行同步数据: lastTime=2026-07-01 14:16:35
2026-07-01 14:17:35.131 [scheduling-1] INFO  com.psi.common.service.BaseUpSyncDownloadService - [purchase] 开始拉取上行同步数据: lastTime=2026-07-01 14:17:05
2026-07-01 14:18:05.155 [scheduling-1] INFO  com.psi.common.service.BaseUpSyncDownloadService - [purchase] 开始拉取上行同步数据: lastTime=2026-07-01 14:17:35
2026-07-01 14:18:35.162 [scheduling-1] INFO  com.psi.common.service.BaseUpSyncDownloadService - [purchase] 开始拉取上行同步数据: lastTime=2026-07-01 14:18:05
2026-07-01 14:19:05.186 [scheduling-1] INFO  com.psi.common.service.BaseUpSyncDownloadService - [purchase] 开始拉取上行同步数据: lastTime=2026-07-01 14:18:35
2026-07-01 14:19:35.212 [scheduling-1] INFO  com.psi.common.service.BaseUpSyncDownloadService - [purchase] 开始拉取上行同步数据: lastTime=2026-07-01 14:19:05
2026-07-01 14:20:05.232 [scheduling-1] INFO  com.psi.common.service.BaseUpSyncDownloadService - [purchase] 开始拉取上行同步数据: lastTime=2026-07-01 14:19:35
2026-07-01 14:20:35.249 [scheduling-1] INFO  com.psi.common.service.BaseUpSyncDownloadService - [purchase] 开始拉取上行同步数据: lastTime=2026-07-01 14:20:05
2026-07-01 14:21:05.268 [scheduling-1] INFO  com.psi.common.service.BaseUpSyncDownloadService - [purchase] 开始拉取上行同步数据: lastTime=2026-07-01 14:20:35
2026-07-01 14:21:35.275 [scheduling-1] INFO  com.psi.common.service.BaseUpSyncDownloadService - [purchase] 开始拉取上行同步数据: lastTime=2026-07-01 14:21:05
2026-07-01 14:22:05.294 [scheduling-1] INFO  com.psi.common.service.BaseUpSyncDownloadService - [purchase] 开始拉取上行同步数据: lastTime=2026-07-01 14:21:35
2026-07-01 14:22:35.310 [scheduling-1] INFO  com.psi.common.service.BaseUpSyncDownloadService - [purchase] 开始拉取上行同步数据: lastTime=2026-07-01 14:22:05
2026-07-01 14:23:05.323 [scheduling-1] INFO  com.psi.common.service.BaseUpSyncDownloadService - [purchase] 开始拉取上行同步数据: lastTime=2026-07-01 14:22:35
2026-07-01 14:23:35.344 [scheduling-1] INFO  com.psi.common.service.BaseUpSyncDownloadService - [purchase] 开始拉取上行同步数据: lastTime=2026-07-01 14:23:05
2026-07-01 14:24:05.367 [scheduling-1] INFO  com.psi.common.service.BaseUpSyncDownloadService - [purchase] 开始拉取上行同步数据: lastTime=2026-07-01 14:23:35
2026-07-01 14:24:35.391 [scheduling-1] INFO  com.psi.common.service.BaseUpSyncDownloadService - [purchase] 开始拉取上行同步数据: lastTime=2026-07-01 14:24:05
2026-07-01 14:25:05.420 [scheduling-1] INFO  com.psi.common.service.BaseUpSyncDownloadService - [purchase] 开始拉取上行同步数据: lastTime=2026-07-01 14:24:35
2026-07-01 14:25:35.445 [scheduling-1] INFO  com.psi.common.service.BaseUpSyncDownloadService - [purchase] 开始拉取上行同步数据: lastTime=2026-07-01 14:25:05
2026-07-01 14:26:05.456 [scheduling-1] INFO  com.psi.common.service.BaseUpSyncDownloadService - [purchase] 开始拉取上行同步数据: lastTime=2026-07-01 14:25:35
2026-07-01 14:26:35.469 [scheduling-1] INFO  com.psi.common.service.BaseUpSyncDownloadService - [purchase] 开始拉取上行同步数据: lastTime=2026-07-01 14:26:05
2026-07-01 14:27:05.485 [scheduling-1] INFO  com.psi.common.service.BaseUpSyncDownloadService - [purchase] 开始拉取上行同步数据: lastTime=2026-07-01 14:26:35
2026-07-01 14:27:35.498 [scheduling-1] INFO  com.psi.common.service.BaseUpSyncDownloadService - [purchase] 开始拉取上行同步数据: lastTime=2026-07-01 14:27:05
2026-07-01 14:28:05.509 [scheduling-1] INFO  com.psi.common.service.BaseUpSyncDownloadService - [purchase] 开始拉取上行同步数据: lastTime=2026-07-01 14:27:35
2026-07-01 14:28:35.519 [scheduling-1] INFO  com.psi.common.service.BaseUpSyncDownloadService - [purchase] 开始拉取上行同步数据: lastTime=2026-07-01 14:28:05
2026-07-01 14:29:05.538 [scheduling-1] INFO  com.psi.common.service.BaseUpSyncDownloadService - [purchase] 开始拉取上行同步数据: lastTime=2026-07-01 14:28:35
2026-07-01 14:29:35.559 [scheduling-1] INFO  com.psi.common.service.BaseUpSyncDownloadService - [purchase] 开始拉取上行同步数据: lastTime=2026-07-01 14:29:05
2026-07-01 14:30:05.572 [scheduling-1] INFO  com.psi.common.service.BaseUpSyncDownloadService - [purchase] 开始拉取上行同步数据: lastTime=2026-07-01 14:29:35
2026-07-01 14:30:35.580 [scheduling-1] INFO  com.psi.common.service.BaseUpSyncDownloadService - [purchase] 开始拉取上行同步数据: lastTime=2026-07-01 14:30:05
2026-07-01 14:31:05.606 [scheduling-1] INFO  com.psi.common.service.BaseUpSyncDownloadService - [purchase] 开始拉取上行同步数据: lastTime=2026-07-01 14:30:35
2026-07-01 14:31:35.614 [scheduling-1] INFO  com.psi.common.service.BaseUpSyncDownloadService - [purchase] 开始拉取上行同步数据: lastTime=2026-07-01 14:31:05
2026-07-01 14:32:05.628 [scheduling-1] INFO  com.psi.common.service.BaseUpSyncDownloadService - [purchase] 开始拉取上行同步数据: lastTime=2026-07-01 14:31:35
2026-07-01 14:32:35.636 [scheduling-1] INFO  com.psi.common.service.BaseUpSyncDownloadService - [purchase] 开始拉取上行同步数据: lastTime=2026-07-01 14:32:05
2026-07-01 14:33:05.651 [scheduling-1] INFO  com.psi.common.service.BaseUpSyncDownloadService - [purchase] 开始拉取上行同步数据: lastTime=2026-07-01 14:32:35
2026-07-01 14:33:35.668 [scheduling-1] INFO  com.psi.common.service.BaseUpSyncDownloadService - [purchase] 开始拉取上行同步数据: lastTime=2026-07-01 14:33:05
2026-07-01 14:34:05.677 [scheduling-1] INFO  com.psi.common.service.BaseUpSyncDownloadService - [purchase] 开始拉取上行同步数据: lastTime=2026-07-01 14:33:35
2026-07-01 14:34:35.691 [scheduling-1] INFO  com.psi.common.service.BaseUpSyncDownloadService - [purchase] 开始拉取上行同步数据: lastTime=2026-07-01 14:34:05
2026-07-01 14:35:05.702 [scheduling-1] INFO  com.psi.common.service.BaseUpSyncDownloadService - [purchase] 开始拉取上行同步数据: lastTime=2026-07-01 14:34:35
2026-07-01 14:35:35.726 [scheduling-1] INFO  com.psi.common.service.BaseUpSyncDownloadService - [purchase] 开始拉取上行同步数据: lastTime=2026-07-01 14:35:05
2026-07-01 14:36:05.753 [scheduling-1] INFO  com.psi.common.service.BaseUpSyncDownloadService - [purchase] 开始拉取上行同步数据: lastTime=2026-07-01 14:35:35
2026-07-01 14:36:35.775 [scheduling-1] INFO  com.psi.common.service.BaseUpSyncDownloadService - [purchase] 开始拉取上行同步数据: lastTime=2026-07-01 14:36:05
2026-07-01 14:37:05.796 [scheduling-1] INFO  com.psi.common.service.BaseUpSyncDownloadService - [purchase] 开始拉取上行同步数据: lastTime=2026-07-01 14:36:35
2026-07-01 14:37:35.819 [scheduling-1] INFO  com.psi.common.service.BaseUpSyncDownloadService - [purchase] 开始拉取上行同步数据: lastTime=2026-07-01 14:37:05
2026-07-01 14:38:05.830 [scheduling-1] INFO  com.psi.common.service.BaseUpSyncDownloadService - [purchase] 开始拉取上行同步数据: lastTime=2026-07-01 14:37:35
2026-07-01 14:38:35.847 [scheduling-1] INFO  com.psi.common.service.BaseUpSyncDownloadService - [purchase] 开始拉取上行同步数据: lastTime=2026-07-01 14:38:05
2026-07-01 14:39:05.858 [scheduling-1] INFO  com.psi.common.service.BaseUpSyncDownloadService - [purchase] 开始拉取上行同步数据: lastTime=2026-07-01 14:38:35
2026-07-01 14:39:35.884 [scheduling-1] INFO  com.psi.common.service.BaseUpSyncDownloadService - [purchase] 开始拉取上行同步数据: lastTime=2026-07-01 14:39:05
2026-07-01 14:40:05.906 [scheduling-1] INFO  com.psi.common.service.BaseUpSyncDownloadService - [purchase] 开始拉取上行同步数据: lastTime=2026-07-01 14:39:35
2026-07-01 14:40:35.921 [scheduling-1] INFO  com.psi.common.service.BaseUpSyncDownloadService - [purchase] 开始拉取上行同步数据: lastTime=2026-07-01 14:40:05
2026-07-01 14:41:05.931 [scheduling-1] INFO  com.psi.common.service.BaseUpSyncDownloadService - [purchase] 开始拉取上行同步数据: lastTime=2026-07-01 14:40:35
2026-07-01 14:41:35.939 [scheduling-1] INFO  com.psi.common.service.BaseUpSyncDownloadService - [purchase] 开始拉取上行同步数据: lastTime=2026-07-01 14:41:05
2026-07-01 14:42:05.946 [scheduling-1] INFO  com.psi.common.service.BaseUpSyncDownloadService - [purchase] 开始拉取上行同步数据: lastTime=2026-07-01 14:41:35
2026-07-01 14:42:35.963 [scheduling-1] INFO  com.psi.common.service.BaseUpSyncDownloadService - [purchase] 开始拉取上行同步数据: lastTime=2026-07-01 14:42:05
2026-07-01 14:43:05.977 [scheduling-1] INFO  com.psi.common.service.BaseUpSyncDownloadService - [purchase] 开始拉取上行同步数据: lastTime=2026-07-01 14:42:35
2026-07-01 14:43:35.992 [scheduling-1] INFO  com.psi.common.service.BaseUpSyncDownloadService - [purchase] 开始拉取上行同步数据: lastTime=2026-07-01 14:43:05
2026-07-01 14:44:06.000 [scheduling-1] INFO  com.psi.common.service.BaseUpSyncDownloadService - [purchase] 开始拉取上行同步数据: lastTime=2026-07-01 14:43:35
2026-07-01 14:44:36.017 [scheduling-1] INFO  com.psi.common.service.BaseUpSyncDownloadService - [purchase] 开始拉取上行同步数据: lastTime=2026-07-01 14:44:06
2026-07-01 14:45:06.039 [scheduling-1] INFO  com.psi.common.service.BaseUpSyncDownloadService - [purchase] 开始拉取上行同步数据: lastTime=2026-07-01 14:44:36
2026-07-01 14:45:36.056 [scheduling-1] INFO  com.psi.common.service.BaseUpSyncDownloadService - [purchase] 开始拉取上行同步数据: lastTime=2026-07-01 14:45:06
2026-07-01 14:46:06.071 [scheduling-1] INFO  com.psi.common.service.BaseUpSyncDownloadService - [purchase] 开始拉取上行同步数据: lastTime=2026-07-01 14:45:36
2026-07-01 14:46:36.079 [scheduling-1] INFO  com.psi.common.service.BaseUpSyncDownloadService - [purchase] 开始拉取上行同步数据: lastTime=2026-07-01 14:46:06
2026-07-01 14:47:06.104 [scheduling-1] INFO  com.psi.common.service.BaseUpSyncDownloadService - [purchase] 开始拉取上行同步数据: lastTime=2026-07-01 14:46:36
2026-07-01 14:47:36.123 [scheduling-1] INFO  com.psi.common.service.BaseUpSyncDownloadService - [purchase] 开始拉取上行同步数据: lastTime=2026-07-01 14:47:06
2026-07-01 14:48:06.142 [scheduling-1] INFO  com.psi.common.service.BaseUpSyncDownloadService - [purchase] 开始拉取上行同步数据: lastTime=2026-07-01 14:47:36
2026-07-01 14:48:36.163 [scheduling-1] INFO  com.psi.common.service.BaseUpSyncDownloadService - [purchase] 开始拉取上行同步数据: lastTime=2026-07-01 14:48:06
2026-07-01 14:49:06.182 [scheduling-1] INFO  com.psi.common.service.BaseUpSyncDownloadService - [purchase] 开始拉取上行同步数据: lastTime=2026-07-01 14:48:36
2026-07-01 14:49:36.199 [scheduling-1] INFO  com.psi.common.service.BaseUpSyncDownloadService - [purchase] 开始拉取上行同步数据: lastTime=2026-07-01 14:49:06
2026-07-01 14:50:06.219 [scheduling-1] INFO  com.psi.common.service.BaseUpSyncDownloadService - [purchase] 开始拉取上行同步数据: lastTime=2026-07-01 14:49:36
2026-07-01 14:50:36.230 [scheduling-1] INFO  com.psi.common.service.BaseUpSyncDownloadService - [purchase] 开始拉取上行同步数据: lastTime=2026-07-01 14:50:06
2026-07-01 14:51:06.248 [scheduling-1] INFO  com.psi.common.service.BaseUpSyncDownloadService - [purchase] 开始拉取上行同步数据: lastTime=2026-07-01 14:50:36
2026-07-01 14:51:36.267 [scheduling-1] INFO  com.psi.common.service.BaseUpSyncDownloadService - [purchase] 开始拉取上行同步数据: lastTime=2026-07-01 14:51:06
2026-07-01 14:52:06.288 [scheduling-1] INFO  com.psi.common.service.BaseUpSyncDownloadService - [purchase] 开始拉取上行同步数据: lastTime=2026-07-01 14:51:36
2026-07-01 14:52:36.301 [scheduling-1] INFO  com.psi.common.service.BaseUpSyncDownloadService - [purchase] 开始拉取上行同步数据: lastTime=2026-07-01 14:52:06
2026-07-01 14:53:06.320 [scheduling-1] INFO  com.psi.common.service.BaseUpSyncDownloadService - [purchase] 开始拉取上行同步数据: lastTime=2026-07-01 14:52:36
2026-07-01 14:53:36.331 [scheduling-1] INFO  com.psi.common.service.BaseUpSyncDownloadService - [purchase] 开始拉取上行同步数据: lastTime=2026-07-01 14:53:06
2026-07-01 14:54:06.347 [scheduling-1] INFO  com.psi.common.service.BaseUpSyncDownloadService - [purchase] 开始拉取上行同步数据: lastTime=2026-07-01 14:53:36
2026-07-01 14:54:36.354 [scheduling-1] INFO  com.psi.common.service.BaseUpSyncDownloadService - [purchase] 开始拉取上行同步数据: lastTime=2026-07-01 14:54:06
2026-07-01 14:55:06.374 [scheduling-1] INFO  com.psi.common.service.BaseUpSyncDownloadService - [purchase] 开始拉取上行同步数据: lastTime=2026-07-01 14:54:36
2026-07-01 14:55:36.397 [scheduling-1] INFO  com.psi.common.service.BaseUpSyncDownloadService - [purchase] 开始拉取上行同步数据: lastTime=2026-07-01 14:55:06
2026-07-01 14:56:06.416 [scheduling-1] INFO  com.psi.common.service.BaseUpSyncDownloadService - [purchase] 开始拉取上行同步数据: lastTime=2026-07-01 14:55:36
2026-07-01 14:56:36.426 [scheduling-1] INFO  com.psi.common.service.BaseUpSyncDownloadService - [purchase] 开始拉取上行同步数据: lastTime=2026-07-01 14:56:06
2026-07-01 14:57:06.438 [scheduling-1] INFO  com.psi.common.service.BaseUpSyncDownloadService - [purchase] 开始拉取上行同步数据: lastTime=2026-07-01 14:56:36
2026-07-01 14:57:36.445 [scheduling-1] INFO  com.psi.common.service.BaseUpSyncDownloadService - [purchase] 开始拉取上行同步数据: lastTime=2026-07-01 14:57:06
2026-07-01 14:58:06.456 [scheduling-1] INFO  com.psi.common.service.BaseUpSyncDownloadService - [purchase] 开始拉取上行同步数据: lastTime=2026-07-01 14:57:36
2026-07-01 14:58:36.475 [scheduling-1] INFO  com.psi.common.service.BaseUpSyncDownloadService - [purchase] 开始拉取上行同步数据: lastTime=2026-07-01 14:58:06
2026-07-01 14:59:06.487 [scheduling-1] INFO  com.psi.common.service.BaseUpSyncDownloadService - [purchase] 开始拉取上行同步数据: lastTime=2026-07-01 14:58:36
2026-07-01 14:59:36.501 [scheduling-1] INFO  com.psi.common.service.BaseUpSyncDownloadService - [purchase] 开始拉取上行同步数据: lastTime=2026-07-01 14:59:06
2026-07-01 15:00:06.517 [scheduling-1] INFO  com.psi.common.service.BaseUpSyncDownloadService - [purchase] 开始拉取上行同步数据: lastTime=2026-07-01 14:59:36
2026-07-01 15:00:36.534 [scheduling-1] INFO  com.psi.common.service.BaseUpSyncDownloadService - [purchase] 开始拉取上行同步数据: lastTime=2026-07-01 15:00:06
2026-07-01 15:01:06.556 [scheduling-1] INFO  com.psi.common.service.BaseUpSyncDownloadService - [purchase] 开始拉取上行同步数据: lastTime=2026-07-01 15:00:36
2026-07-01 15:01:36.578 [scheduling-1] INFO  com.psi.common.service.BaseUpSyncDownloadService - [purchase] 开始拉取上行同步数据: lastTime=2026-07-01 15:01:06
2026-07-01 15:02:06.585 [scheduling-1] INFO  com.psi.common.service.BaseUpSyncDownloadService - [purchase] 开始拉取上行同步数据: lastTime=2026-07-01 15:01:36
2026-07-01 15:02:36.598 [scheduling-1] INFO  com.psi.common.service.BaseUpSyncDownloadService - [purchase] 开始拉取上行同步数据: lastTime=2026-07-01 15:02:06
